종목코드,종목명,소속부,종가,대비,등락률,시가,고가,저가,거래량,거래대금,시가총액,상장주식수
"060310","3S","중견기업부",,,,,,,,,,"46271513"
"054620","APS홀딩스","중견기업부",,,,,,,,,,"20394221"
"265520","AP시스템","우량기업부",,,,,,,,,,"14480227"
"211270","AP위성","벤처기업부",,,,,,,,,,"15082304"
"013720","CBI","중견기업부",,,,,,,,,,"50697775"
"035760","CJ ENM","우량기업부",,,,,,,,,,"21929154"
"051500","CJ프레시웨이","중견기업부",,,,,,,,,,"11871586"
"058820","CMG제약","우량기업부",,,,,,,,,,"138892244"
"023460","CNH","벤처기업부",,,,,,,,,,"37200000"
"056730","CNT85","관리종목(소속부없음)",,,,,,,,,,"70703912"
"056000","COWON","투자주의환기종목(소속부없음)",,,,,,,,,,"19720225"
"065770","CS","벤처기업부",,,,,,,,,,"19411130"
"083660","CSA 코스믹","관리종목(소속부없음)",,,,,,,,,,"37934114"
"367340","DB금융스팩8호","SPAC(소속부없음)",,,,,,,,,,"6050000"
"367360","DB금융스팩9호","SPAC(소속부없음)",,,,,,,,,,"4840000"
"068790","DMS","우량기업부",,,,,,,,,,"24573061"
"241520","DSC인베스트먼트","벤처기업부",,,,,,,,,,"27811403"
"245620","EDGC","기술성장기업부",,,,,,,,,,"83688356"
"037370","EG","중견기업부",,,,,,,,,,"8051234"
"079190","EMW","벤처기업부",,,,,,,,,,"31784197"
"050120","ES큐브","중견기업부",,,,,,,,,,"13564086"
"130500","GH신소재","중견기업부",,,,,,,,,,"14545052"
"900290","GRT","관리종목(소속부없음)",,,,,,,,,,"67375000"
"083450","GST","우량기업부",,,,,,,,,,"9317745"
"045890","GV","관리종목(소속부없음)",,,,,,,,,,"86766187"
"297890","HB솔루션","벤처기업부",,,,,,,,,,"16640289"
"078150","HB테크놀러지","우량기업부",,,,,,,,,,"78990426"
"195940","HK이노엔","중견기업부",,,,,,,,,,"28904499"
"036640","HRS","중견기업부",,,,,,,,,,"16354800"
"335870","IBKS제12호스팩","SPAC(소속부없음)",,,,,,,,,,"3120000"
"351340","IBKS제13호스팩","SPAC(소속부없음)",,,,,,,,,,"5170000"
"351320","IBKS제14호스팩","SPAC(소속부없음)",,,,,,,,,,"4330000"
"373200","IBKS제15호스팩","SPAC(소속부없음)",,,,,,,,,,"3520000"
"388790","IBKS제16호스팩","SPAC(소속부없음)",,,,,,,,,,"3410000"
"095340","ISC","우량기업부",,,,,,,,,,"16544516"
"099520","ITX-AI","관리종목(소속부없음)",,,,,,,,,,"29301683"
"950170","JTC","외국기업(소속부없음)",,,,,,,,,,"35005517"
"067290","JW신약","중견기업부",,,,,,,,,,"43936858"
"035900","JYP Ent.","우량기업부",,,,,,,,,,"35497492"
"024840","KBI메탈","우량기업부",,,,,,,,,,"32950848"
"024120","KB오토시스","우량기업부",,,,,,,,,,"11500000"
"021320","KCC건설","우량기업부",,,,,,,,,,"21400000"
"036670","KCI","우량기업부",,,,,,,,,,"11270000"
"044180","KD","중견기업부",,,,,,,,,,"16525360"
"151860","KG ETS","우량기업부",,,,,,,,,,"36000000"
"046440","KG모빌리언스","우량기업부",,,,,,,,,,"38825568"
"035600","KG이니시스","우량기업부",,,,,,,,,,"27904434"
"226360","KH E&T","벤처기업부",,,,,,,,,,"58704053"
"111870","KH 일렉트론","중견기업부",,,,,,,,,,"107576234"
"060720","KH바텍","중견기업부",,,,,,,,,,"23677442"
"122450","KMH","중견기업부",,,,,,,,,,"45335964"
"052900","KMH하이텍","중견기업부",,,,,,,,,,"46885499"
"058400","KNN","우량기업부",,,,,,,,,,"132429720"
"114450","KPX생명과학","중견기업부",,,,,,,,,,"15000000"
"060370","KT서브마린","중견기업부",,,,,,,,,,"21900000"
"108320","LX세미콘","우량기업부",,,,,,,,,,"16264300"
"160550","NEW","중견기업부",,,,,,,,,,"27906106"
"053290","NE능률","중견기업부",,,,,,,,,,"16526307"
"104200","NHN벅스","중견기업부",,,,,,,,,,"14827550"
"060250","NHN한국사이버결제","우량기업부",,,,,,,,,,"24502769"
"030190","NICE평가정보","우량기업부",,,,,,,,,,"60714820"
"078590","OQP","관리종목(소속부없음)",,,,,,,,,,"83006958"
"024940","PN풍년","벤처기업부",,,,,,,,,,"10000000"
"218410","RFHIC","우량기업부",,,,,,,,,,"26647620"
"327260","RF머트리얼즈","벤처기업부",,,,,,,,,,"3998849"
"091340","S&K폴리텍","중견기업부",,,,,,,,,,"11703721"
"019550","SBI인베스트먼트","벤처기업부",,,,,,,,,,"162066575"
"950110","SBI핀테크솔루션즈","외국기업(소속부없음)",,,,,,,,,,"24048040"
"046140","SBS콘텐츠허브","우량기업부",,,,,,,,,,"21463555"
"036120","SCI평가정보","중견기업부",,,,,,,,,,"35500000"
"099220","SDN","우량기업부",,,,,,,,,,"53169438"
"036540","SFA반도체","우량기업부",,,,,,,,,,"164460303"
"255220","SG","중견기업부",,,,,,,,,,"41340267"
"040610","SG&G","중견기업부",,,,,,,,,,"34087196"
"049470","SGA","중견기업부",,,,,,,,,,"52862249"
"184230","SGA솔루션즈","벤처기업부",,,,,,,,,,"46175806"
"016250","SGC이테크건설","우량기업부",,,,,,,,,,"2024247"
"337450","SK5호스팩","SPAC(소속부없음)",,,,,,,,,,"4310000"
"340350","SK6호스팩","SPAC(소속부없음)",,,,,,,,,,"5710000"
"036490","SK머티리얼즈","우량기업부",,,,,,,,,,"10547673"
"048550","SM C&C","중견기업부",,,,,,,,,,"95304620"
"063440","SM Life Design","중견기업부",,,,,,,,,,"45129154"
"950180","SNK","외국기업(소속부없음)",,,,,,,,,,"21061800"
"289080","SV인베스트먼트","중견기업부",,,,,,,,,,"53234000"
"089230","THE E&M","중견기업부",,,,,,,,,,"173450191"
"161570","THE MIDONG","중견기업부",,,,,,,,,,"15582830"
"192410","THQ","중견기업부",,,,,,,,,,"28929899"
"032540","TJ미디어","중견기업부",,,,,,,,,,"13931609"
"048770","TPC","중견기업부",,,,,,,,,,"14773572"
"246690","TS인베스트먼트","중견기업부",,,,,,,,,,"39125879"
"317240","TS트릴리온","벤처기업부",,,,,,,,,,"91084053"
"038340","UCI","투자주의환기종목(소속부없음)",,,,,,,,,,"37397367"
"073570","WI","중견기업부",,,,,,,,,,"80904873"
"057030","YBM넷","중견기업부",,,,,,,,,,"16312697"
"040300","YTN","중견기업부",,,,,,,,,,"42000000"
"051390","YW","중견기업부",,,,,,,,,,"11355368"
"052220","iMBC","중견기업부",,,,,,,,,,"23000000"
"079940","가비아","우량기업부",,,,,,,,,,"13535684"
"078890","가온미디어","우량기업부",,,,,,,,,,"15851946"
"036620","감성코퍼레이션","중견기업부",,,,,,,,,,"75322897"
"217730","강스템바이오텍","기술성장기업부",,,,,,,,,,"25561688"
"114190","강원","관리종목(소속부없음)",,,,,,,,,,"18154911"
"094480","갤럭시아머니트리","우량기업부",,,,,,,,,,"39229838"
"063080","게임빌","우량기업부",,,,,,,,,,"6595192"
"039240","경남스틸","우량기업부",,,,,,,,,,"25000000"
"053950","경남제약","중견기업부",,,,,,,,,,"20049565"
"223310","경남제약헬스케어","관리종목(소속부없음)",,,,,,,,,,"13333506"
"011040","경동제약","우량기업부",,,,,,,,,,"30768766"
"024910","경창산업","중견기업부",,,,,,,,,,"35819005"
"198440","고려시멘트","우량기업부",,,,,,,,,,"31979960"
"049720","고려신용정보","중견기업부",,,,,,,,,,"14300000"
"014570","고려제약","우량기업부",,,,,,,,,,"11000000"
"348150","고바이오랩","기술성장기업부",,,,,,,,,,"16161543"
"098460","고영","우량기업부",,,,,,,,,,"68654755"
"035290","골드앤에스","관리종목(소속부없음)",,,,,,,,,,"36223910"
"038530","골드퍼시픽","중견기업부",,,,,,,,,,"83267529"
"900280","골든센츄리","외국기업(소속부없음)",,,,,,,,,,"176573591"
"215000","골프존","우량기업부",,,,,,,,,,"6275415"
"121440","골프존뉴딘홀딩스","중견기업부",,,,,,,,,,"42836818"
"014200","광림","중견기업부",,,,,,,,,,"74564624"
"026910","광진실업","중견기업부",,,,,,,,,,"6405405"
"090150","광진윈텍","중견기업부",,,,,,,,,,"17358393"
"355150","교보10호스팩","SPAC(소속부없음)",,,,,,,,,,"5320000"
"331520","교보9호스팩","SPAC(소속부없음)",,,,,,,,,,"3880000"
"053270","구영테크","중견기업부",,,,,,,,,,"26394174"
"066620","국보디자인","우량기업부",,,,,,,,,,"7500000"
"043650","국순당","우량기업부",,,,,,,,,,"17858304"
"006050","국영지앤엠","중견기업부",,,,,,,,,,"34895243"
"060480","국일신동","중견기업부",,,,,,,,,,"11090000"
"078130","국일제지","중견기업부",,,,,,,,,,"127617473"
"307750","국전약품","우량기업부",,,,,,,,,,"49069269"
"204020","그리티","중견기업부",,,,,,,,,,"20147430"
"186230","그린플러스","벤처기업부",,,,,,,,,,"10820188"
"900070","글로벌에스엠","외국기업(소속부없음)",,,,,,,,,,"53743968"
"204620","글로벌텍스프리","중견기업부",,,,,,,,,,"48736691"
"019660","글로본","중견기업부",,,,,,,,,,"32764319"
"053260","금강철강","우량기업부",,,,,,,,,,"18720000"
"036190","금화피에스시","우량기업부",,,,,,,,,,"6000000"
"049080","기가레인","중견기업부",,,,,,,,,,"79243240"
"035460","기산텔레콤","벤처기업부",,,,,,,,,,"14577340"
"308100","까스텔바작","우량기업부",,,,,,,,,,"6596700"
"187790","나노","벤처기업부",,,,,,,,,,"27067695"
"286750","나노브릭","기술성장기업부",,,,,,,,,,"9302068"
"151910","나노스","중견기업부",,,,,,,,,,"148625347"
"121600","나노신소재","벤처기업부",,,,,,,,,,"10848333"
"247660","나노씨엠에스","기술성장기업부",,,,,,,,,,"4288920"
"039860","나노엔텍","중견기업부",,,,,,,,,,"26798327"
"091970","나노캠텍","벤처기업부",,,,,,,,,,"28080425"
"051490","나라엠앤디","중견기업부",,,,,,,,,,"14200000"
"190510","나무가","중견기업부",,,,,,,,,,"13742180"
"242040","나무기술","기술성장기업부",,,,,,,,,,"34241700"
"089600","나스미디어","우량기업부",,,,,,,,,,"9604910"
"293580","나우IB","벤처기업부",,,,,,,,,,"9577000"
"138610","나이벡","기술성장기업부",,,,,,,,,,"9902979"
"130580","나이스디앤비","우량기업부",,,,,,,,,,"15400000"
"036800","나이스정보통신","우량기업부",,,,,,,,,,"10000000"
"267320","나인테크","우량기업부",,,,,,,,,,"39396554"
"111710","남화산업","중견기업부",,,,,,,,,,"20588000"
"091590","남화토건","우량기업부",,,,,,,,,,"11740000"
"168330","내츄럴엔도텍","관리종목(소속부없음)",,,,,,,,,,"31029196"
"094860","네오리진","벤처기업부",,,,,,,,,,"53678041"
"253590","네오셈","벤처기업부",,,,,,,,,,"37599088"
"212560","네오오토","우량기업부",,,,,,,,,,"7874963"
"095660","네오위즈","우량기업부",,,,,,,,,,"22033719"
"042420","네오위즈홀딩스","우량기업부",,,,,,,,,,"8856866"
"950220","네오이뮨텍(Reg.S)","외국기업(소속부없음)",,,,,,,,,,"98417010"
"311390","네오크레마","벤처기업부",,,,,,,,,,"7327995"
"085910","네오티스","중견기업부",,,,,,,,,,"13141323"
"092730","네오팜","우량기업부",,,,,,,,,,"8207361"
"290660","네오펙트","기술성장기업부",,,,,,,,,,"18906280"
"306620","네온테크","벤처기업부",,,,,,,,,,"39813894"
"153460","네이블","벤처기업부",,,,,,,,,,"6530014"
"007390","네이처셀","중견기업부",,,,,,,,,,"62627156"
"033640","네패스","중견기업부",,,,,,,,,,"23059202"
"330860","네패스아크","중견기업부",,,,,,,,,,"12184045"
"089140","넥스턴바이오","벤처기업부",,,,,,,,,,"33220864"
"065170","넥스트BT","중견기업부",,,,,,,,,,"88239565"
"137940","넥스트아이","중견기업부",,,,,,,,,,"77116173"
"348210","넥스틴","기술성장기업부",,,,,,,,,,"9563400"
"041140","넥슨지티","중견기업부",,,,,,,,,,"35373322"
"217270","넵튠","중견기업부",,,,,,,,,,"31753722"
"225570","넷게임즈","중견기업부",,,,,,,,,,"28850967"
"104620","노랑풍선","중견기업부",,,,,,,,,,"14296950"
"194700","노바렉스","우량기업부",,,,,,,,,,"9003740"
"285490","노바텍","벤처기업부",,,,,,,,,,"10081744"
"278650","노터스","벤처기업부",,,,,,,,,,"7619368"
"144510","녹십자랩셀","벤처기업부",,,,,,,,,,"10554054"
"031390","녹십자셀","벤처기업부",,,,,,,,,,"13035197"
"142280","녹십자엠에스","중견기업부",,,,,,,,,,"21117283"
"234690","녹십자웰빙","우량기업부",,,,,,,,,,"17752276"
"065560","녹원씨엔아이","관리종목(소속부없음)",,,,,,,,,,"17260625"
"054050","농우바이오","우량기업부",,,,,,,,,,"16030561"
"069140","누리플랜","벤처기업부",,,,,,,,,,"7102743"
"040160","누리플렉스","중견기업부",,,,,,,,,,"12055535"
"126870","뉴로스","관리종목(소속부없음)",,,,,,,,,,"35639385"
"060260","뉴보텍","벤처기업부",,,,,,,,,,"33433750"
"012340","뉴인텍","벤처기업부",,,,,,,,,,"30044502"
"214870","뉴지랩파마","중견기업부",,,,,,,,,,"30666778"
"270870","뉴트리","우량기업부",,,,,,,,,,"9113224"
"144960","뉴파워프라즈마","우량기업부",,,,,,,,,,"43692624"
"085670","뉴프렉스","중견기업부",,,,,,,,,,"24104753"
"119860","다나와","우량기업부",,,,,,,,,,"13074822"
"064260","다날","우량기업부",,,,,,,,,,"68949040"
"093640","다믈멀티미디어","벤처기업부",,,,,,,,,,"13140876"
"340360","다보링크","벤처기업부",,,,,,,,,,"40910160"
"039560","다산네트웍스","벤처기업부",,,,,,,,,,"36380838"
"032190","다우데이타","우량기업부",,,,,,,,,,"38300000"
"068240","다원시스","우량기업부",,,,,,,,,,"31564407"
"020400","대동금속","중견기업부",,,,,,,,,,"3189166"
"008830","대동기어","중견기업부",,,,,,,,,,"8987520"
"048470","대동스틸","중견기업부",,,,,,,,,,"10000000"
"004780","대륙제관","우량기업부",,,,,,,,,,"15903199"
"017650","대림제지","우량기업부",,,,,,,,,,"9000000"
"007720","대명소노시즌","우량기업부",,,,,,,,,,"100800450"
"317850","대모","벤처기업부",,,,,,,,,,"8324420"
"290670","대보마그네틱","중견기업부",,,,,,,,,,"7824500"
"078140","대봉엘에스","우량기업부",,,,,,,,,,"11086579"
"036480","대성미생물","중견기업부",,,,,,,,,,"3800000"
"025440","대성엘텍","중견기업부",,,,,,,,,,"100971343"
"027830","대성창투","중견기업부",,,,,,,,,,"40000000"
"104040","대성파인텍","벤처기업부",,,,,,,,,,"31301281"
"387310","대신밸런스제10호스팩","SPAC(소속부없음)",,,,,,,,,,"5460000"
"332290","대신밸런스제7호스팩","SPAC(소속부없음)",,,,,,,,,,"5205000"
"336570","대신밸런스제8호스팩","SPAC(소속부없음)",,,,,,,,,,"5610000"
"369370","대신밸런스제9호스팩","SPAC(소속부없음)",,,,,,,,,,"4210000"
"020180","대신정보통신","중견기업부",,,,,,,,,,"38428915"
"045390","대아티아이","우량기업부",,,,,,,,,,"71151522"
"108380","대양전기공업","우량기업부",,,,,,,,,,"9567333"
"006580","대양제지","관리종목(소속부없음)",,,,,,,,,,"26850000"
"007680","대원","우량기업부",,,,,,,,,,"13446474"
"048910","대원미디어","벤처기업부",,,,,,,,,,"12578946"
"005710","대원산업","우량기업부",,,,,,,,,,"20037600"
"290380","대유","중견기업부",,,,,,,,,,"14166600"
"290120","대유에이피","중견기업부",,,,,,,,,,"11432183"
"120240","대정화금","우량기업부",,,,,,,,,,"7190391"
"003310","대주산업","중견기업부",,,,,,,,,,"35392350"
"078600","대주전자재료","벤처기업부",,,,,,,,,,"15480593"
"096350","대창솔루션","중견기업부",,,,,,,,,,"163761009"
"140520","대창스틸","중견기업부",,,,,,,,,,"21109243"
"131220","대한과학","벤처기업부",,,,,,,,,,"7454490"
"010170","대한광통신","중견기업부",,,,,,,,,,"73741625"
"060900","대한그린파워","관리종목(소속부없음)",,,,,,,,,,"172786805"
"054670","대한뉴팜","중견기업부",,,,,,,,,,"14354920"
"023910","대한약품","우량기업부",,,,,,,,,,"6000000"
"021040","대호특수강","중견기업부",,,,,,,,,,"75398540"
"021045","대호특수강우","중견기업부",,,,,,,,,,"4242466"
"067080","대화제약","우량기업부",,,,,,,,,,"18616650"
"298540","더네이쳐홀딩스","우량기업부",,,,,,,,,,"14544656"
"299170","더블유에스아이","중견기업부",,,,,,,,,,"29237963"
"213420","덕산네오룩스","우량기업부",,,,,,,,,,"24010012"
"317330","덕산테코피아","우량기업부",,,,,,,,,,"18377428"
"077360","덕산하이메탈","우량기업부",,,,,,,,,,"22718501"
"090410","덕신하우징","중견기업부",,,,,,,,,,"46084095"
"263600","덕우전자","우량기업부",,,,,,,,,,"15930310"
"194480","데브시스터즈","벤처기업부",,,,,,,,,,"11457400"
"263800","데이타솔루션","중견기업부",,,,,,,,,,"16110580"
"206560","덱스터","기술성장기업부",,,,,,,,,,"25358136"
"261200","덴티스","벤처기업부",,,,,,,,,,"14757890"
"067990","도이치모터스","우량기업부",,,,,,,,,,"29623706"
"006620","동구바이오제약","우량기업부",,,,,,,,,,"28464992"
"100130","동국S&C","중견기업부",,,,,,,,,,"57143000"
"005160","동국산업","우량기업부",,,,,,,,,,"54244482"
"075970","동국알앤에스","중견기업부",,,,,,,,,,"18400000"
"086450","동국제약","우량기업부",,,,,,,,,,"44460000"
"099410","동방선기","관리종목(소속부없음)",,,,,,,,,,"13541002"
"033500","동성화인텍","우량기업부",,,,,,,,,,"28929917"
"025950","동신건설","중견기업부",,,,,,,,,,"8400000"
"088130","동아엘텍","우량기업부",,,,,,,,,,"10662938"
"041930","동아화성","우량기업부",,,,,,,,,,"15800000"
"060380","동양에스텍","중견기업부",,,,,,,,,,"19700000"
"079960","동양이엔피","우량기업부",,,,,,,,,,"7860000"
"228340","동양파일","중견기업부",,,,,,,,,,"20000000"
"088910","동우팜투테이블","우량기업부",,,,,,,,,,"25831764"
"094170","동운아나텍","벤처기업부",,,,,,,,,,"17577506"
"013120","동원개발","우량기업부",,,,,,,,,,"90808100"
"109860","동일금속","우량기업부",,,,,,,,,,"7000000"
"032960","동일기연","벤처기업부",,,,,,,,,,"3503285"
"023790","동일철강","중견기업부",,,,,,,,,,"7345085"
"005290","동진쎄미켐","우량기업부",,,,,,,,,,"51414494"
"025900","동화기업","우량기업부",,,,,,,,,,"20201177"
"073190","듀오백","중견기업부",,,,,,,,,,"11968040"
"030350","드래곤플라이","중견기업부",,,,,,,,,,"29547958"
"203650","드림시큐리티","벤처기업부",,,,,,,,,,"50605754"
"223250","드림씨아이에스","중견기업부",,,,,,,,,,"5659054"
"060570","드림어스컴퍼니","중견기업부",,,,,,,,,,"56859847"
"217620","디딤","중견기업부",,,,,,,,,,"38039353"
"187870","디바이스이엔지","우량기업부",,,,,,,,,,"7036609"
"066670","디스플레이텍","중견기업부",,,,,,,,,,"18691918"
"110990","디아이티","우량기업부",,,,,,,,,,"18900000"
"263690","디알젬","우량기업부",,,,,,,,,,"11325610"
"214680","디알텍","벤처기업부",,,,,,,,,,"56583437"
"263720","디앤씨미디어","벤처기업부",,,,,,,,,,"12275111"
"109740","디에스케이","우량기업부",,,,,,,,,,"20354763"
"131030","디에이치피코리아","우량기업부",,,,,,,,,,"16564797"
"196490","디에이테크놀로지","벤처기업부",,,,,,,,,,"24054914"
"066900","디에이피","우량기업부",,,,,,,,,,"22744503"
"127120","디엔에이링크","기술성장기업부",,,,,,,,,,"16393692"
"092070","디엔에프","우량기업부",,,,,,,,,,"11571858"
"134580","디엠티","중견기업부",,,,,,,,,,"11250000"
"039840","디오","우량기업부",,,,,,,,,,"15774309"
"104460","디와이피엔에프","우량기업부",,,,,,,,,,"10713625"
"079810","디이엔티","중견기업부",,,,,,,,,,"13036859"
"113810","디젠스","벤처기업부",,,,,,,,,,"32628051"
"043360","디지아이","벤처기업부",,,,,,,,,,"9000000"
"197140","디지캡","벤처기업부",,,,,,,,,,"8607168"
"106520","디지탈옵틱","관리종목(소속부없음)",,,,,,,,,,"13159500"
"068930","디지털대성","우량기업부",,,,,,,,,,"29732989"
"033130","디지틀조선","중견기업부",,,,,,,,,,"37115267"
"105740","디케이락","우량기업부",,,,,,,,,,"8449912"
"263020","디케이앤디","벤처기업부",,,,,,,,,,"7763202"
"290550","디케이티","우량기업부",,,,,,,,,,"16462666"
"187220","디티앤씨","벤처기업부",,,,,,,,,,"11283291"
"131180","딜리","벤처기업부",,,,,,,,,,"29350000"
"315640","딥노이드","기술성장기업부",,,,,,,,,,"4290997"
"317120","라닉스","기술성장기업부",,,,,,,,,,"9650500"
"042510","라온시큐어","벤처기업부",,,,,,,,,,"38666746"
"232680","라온테크","기술성장기업부",,,,,,,,,,"4886005"
"300120","라온피플","벤처기업부",,,,,,,,,,"10518156"
"171120","라이온켐텍","중견기업부",,,,,,,,,,"18893576"
"069540","라이트론","중견기업부",,,,,,,,,,"26061956"
"347700","라이프시맨틱스","기술성장기업부",,,,,,,,,,"10119770"
"214260","라파스","기술성장기업부",,,,,,,,,,"8589666"
"171010","램테크놀러지","벤처기업부",,,,,,,,,,"11606968"
"084650","랩지노믹스","우량기업부",,,,,,,,,,"11450097"
"217500","러셀","벤처기업부",,,,,,,,,,"31812000"
"141080","레고켐바이오","기술성장기업부",,,,,,,,,,"24234918"
"060300","레드로버","관리종목(소속부없음)",,,,,,,,,,"26688787"
"038390","레드캡투어","우량기업부",,,,,,,,,,"8589480"
"294140","레몬","기술성장기업부",,,,,,,,,,"37000000"
"228670","레이","우량기업부",,,,,,,,,,"13306534"
"228850","레이언스","우량기업부",,,,,,,,,,"16591014"
"281740","레이크머티리얼즈","벤처기업부",,,,,,,,,,"65730548"
"277810","레인보우로보틱스","기술성장기업부",,,,,,,,,,"16135214"
"215100","로보로보","벤처기업부",,,,,,,,,,"20348454"
"090360","로보스타","중견기업부",,,,,,,,,,"9750000"
"108490","로보티즈","기술성장기업부",,,,,,,,,,"11251000"
"900260","로스웰","외국기업(소속부없음)",,,,,,,,,,"180156443"
"067730","로지시스","중견기업부",,,,,,,,,,"9673922"
"071280","로체시스템즈","벤처기업부",,,,,,,,,,"15296603"
"038060","루멘스","관리종목(소속부없음)",,,,,,,,,,"48103069"
"085370","루트로닉","투자주의환기종목(소속부없음)",,,,,,,,,,"26165116"
"08537M","루트로닉3우C","투자주의환기종목(소속부없음)",,,,,,,,,,"347255"
"060240","룽투코리아","벤처기업부",,,,,,,,,,"25429284"
"058470","리노공업","우량기업부",,,,,,,,,,"15242370"
"039980","리노스","중견기업부",,,,,,,,,,"43576286"
"019570","리더스 기술투자","중견기업부",,,,,,,,,,"125344454"
"016100","리더스코스메틱","중견기업부",,,,,,,,,,"19100894"
"012700","리드코프","우량기업부",,,,,,,,,,"26446135"
"302550","리메드","기술성장기업부",,,,,,,,,,"6114616"
"029480","릭스솔루션","중견기업부",,,,,,,,,,"90822795"
"277070","린드먼아시아","중견기업부",,,,,,,,,,"13657000"
"042500","링네트","우량기업부",,,,,,,,,,"15356878"
"219420","링크제니시스","기술성장기업부",,,,,,,,,,"11469507"
"195500","마니커에프앤지","중견기업부",,,,,,,,,,"15768000"
"222810","마이더스AI","관리종목(소속부없음)",,,,,,,,,,"141227294"
"305090","마이크로디지탈","기술성장기업부",,,,,,,,,,"7261600"
"098120","마이크로컨텍솔","벤처기업부",,,,,,,,,,"8312766"
"147760","마이크로프랜드","벤처기업부",,,,,,,,,,"10819866"
"038290","마크로젠","우량기업부",,,,,,,,,,"10715551"
"220630","맘스터치","우량기업부",,,,,,,,,,"101817531"
"267980","매일유업","우량기업부",,,,,,,,,,"7843638"
"005990","매일홀딩스","우량기업부",,,,,,,,,,"13718304"
"127160","매직마이크로","관리종목(소속부없음)",,,,,,,,,,"86623501"
"093520","매커스","중견기업부",,,,,,,,,,"16163092"
"377030","맥스트","기술성장기업부",,,,,,,,,,"8542491"
"100590","머큐리","우량기업부",,,,,,,,,,"14763600"
"067280","멀티캠퍼스","우량기업부",,,,,,,,,,"5926779"
"072870","메가스터디","중견기업부",,,,,,,,,,"11920959"
"215200","메가스터디교육","우량기업부",,,,,,,,,,"11861880"
"133750","메가엠디","중견기업부",,,,,,,,,,"23407077"
"235980","메드팩토","기술성장기업부",,,,,,,,,,"20510342"
"041920","메디아나","우량기업부",,,,,,,,,,"8650496"
"014100","메디앙스","투자주의환기종목(소속부없음)",,,,,,,,,,"11800000"
"054180","메디콕스","중견기업부",,,,,,,,,,"80496729"
"086900","메디톡스","우량기업부",,,,,,,,,,"6254384"
"078160","메디포스트","벤처기업부",,,,,,,,,,"16264194"
"065650","메디프론","중견기업부",,,,,,,,,,"43615959"
"021880","메이슨캐피탈","중견기업부",,,,,,,,,,"151184408"
"140410","메지온","중견기업부",,,,,,,,,,"8900206"
"241770","메카로","투자주의환기종목(소속부없음)",,,,,,,,,,"10192640"
"059210","메타바이오메드","벤처기업부",,,,,,,,,,"23862351"
"058110","멕아이씨에스","기술성장기업부",,,,,,,,,,"16050530"
"096640","멜파스","중견기업부",,,,,,,,,,"37711155"
"257370","명성티엔에스","투자주의환기종목(소속부없음)",,,,,,,,,,"6440809"
"080420","모다이노칩","우량기업부",,,,,,,,,,"79721622"
"080160","모두투어","중견기업부",,,,,,,,,,"18900000"
"100030","모바일리더","중견기업부",,,,,,,,,,"3283714"
"087260","모바일어플라이언스","벤처기업부",,,,,,,,,,"32462446"
"101330","모베이스","중견기업부",,,,,,,,,,"23958188"
"012860","모베이스전자","중견기업부",,,,,,,,,,"65803117"
"348030","모비릭스","중견기업부",,,,,,,,,,"9304000"
"250060","모비스","기술성장기업부",,,,,,,,,,"32171314"
"033200","모아텍","중견기업부",,,,,,,,,,"14331185"
"118990","모트렉스","중견기업부",,,,,,,,,,"40788772"
"006920","모헨즈","중견기업부",,,,,,,,,,"10920000"
"001810","무림SP","우량기업부",,,,,,,,,,"22137500"
"279600","미디어젠","기술성장기업부",,,,,,,,,,"4684781"
"095500","미래나노텍","우량기업부",,,,,,,,,,"28816529"
"218150","미래생명자원","벤처기업부",,,,,,,,,,"18671428"
"353490","미래에셋대우스팩 5호","SPAC(소속부없음)",,,,,,,,,,"5060000"
"328380","미래에셋대우스팩3호","SPAC(소속부없음)",,,,,,,,,,"6482000"
"100790","미래에셋벤처투자","중견기업부",,,,,,,,,,"46195823"
"049950","미래컴퍼니","우량기업부",,,,,,,,,,"8362306"
"207760","미스터블루","중견기업부",,,,,,,,,,"24761635"
"059090","미코","우량기업부",,,,,,,,,,"32786725"
"214610","미코바이오메드","기술성장기업부",,,,,,,,,,"18291100"
"201490","미투온","중견기업부",,,,,,,,,,"31257770"
"950190","미투젠","외국기업(소속부없음)",,,,,,,,,,"13579892"
"214180","민앤지","우량기업부",,,,,,,,,,"12362476"
"206640","바디텍메드","우량기업부",,,,,,,,,,"23486560"
"018700","바른손","중견기업부",,,,,,,,,,"29471487"
"035620","바른손이앤에이","중견기업부",,,,,,,,,,"73488503"
"064520","바른전자","관리종목(소속부없음)",,,,,,,,,,"83686477"
"053030","바이넥스","우량기업부",,,,,,,,,,"31761048"
"301300","바이브컴퍼니","기술성장기업부",,,,,,,,,,"5394170"
"064550","바이오니아","기술성장기업부",,,,,,,,,,"25211579"
"314930","바이오다인","기술성장기업부",,,,,,,,,,"6168195"
"208710","바이오로그디바이스","중견기업부",,,,,,,,,,"41431412"
"142760","바이오리더스","기술성장기업부",,,,,,,,,,"27477092"
"086820","바이오솔루션","기술성장기업부",,,,,,,,,,"8108426"
"038460","바이오스마트","우량기업부",,,,,,,,,,"20087800"
"086040","바이오톡스텍","벤처기업부",,,,,,,,,,"14667123"
"099430","바이오플러스","중견기업부",,,,,,,,,,"13910746"
"032980","바이온","중견기업부",,,,,,,,,,"66900777"
"308080","바이젠셀","기술성장기업부",,,,,,,,,,"9435680"
"043150","바텍","우량기업부",,,,,,,,,,"14854256"
"323990","박셀바이오","기술성장기업부",,,,,,,,,,"15223000"
"267790","배럴","중견기업부",,,,,,,,,,"7885500"
"046310","백금T&A","중견기업부",,,,,,,,,,"16418641"
"066410","버킷스튜디오","중견기업부",,,,,,,,,,"41210734"
"206400","베노홀딩스","중견기업부",,,,,,,,,,"23114968"
"019010","베뉴지","중견기업부",,,,,,,,,,"48200000"
"177350","베셀","중견기업부",,,,,,,,,,"11480098"
"299910","베스파","관리종목(소속부없음)",,,,,,,,,,"8206916"
"225530","보광산업","벤처기업부",,,,,,,,,,"36338727"
"250000","보라티알","중견기업부",,,,,,,,,,"6750733"
"006910","보성파워텍","중견기업부",,,,,,,,,,"49129824"
"226340","본느","중견기업부",,,,,,,,,,"30699596"
"014470","부방","중견기업부",,,,,,,,,,"60052260"
"008470","부스타","우량기업부",,,,,,,,,,"8404800"
"338220","뷰노","기술성장기업부",,,,,,,,,,"11168656"
"100120","뷰웍스","우량기업부",,,,,,,,,,"10001865"
"337930","브랜드엑스코퍼레이션","우량기업부",,,,,,,,,,"29572416"
"099390","브레인즈컴퍼니","벤처기업부",,,,,,,,,,"4108796"
"064480","브리지텍","벤처기업부",,,,,,,,,,"11952500"
"288330","브릿지바이오테라퓨틱스","기술성장기업부",,,,,,,,,,"19593634"
"251630","브이원텍","중견기업부",,,,,,,,,,"15050580"
"018290","브이티지엠피","우량기업부",,,,,,,,,,"34483893"
"044480","블루베리 NFT","중견기업부",,,,,,,,,,"28595337"
"033560","블루콤","벤처기업부",,,,,,,,,,"17100000"
"126340","비나텍","벤처기업부",,,,,,,,,,"5143207"
"121800","비덴트","벤처기업부",,,,,,,,,,"45673805"
"148140","비디아이","관리종목(소속부없음)",,,,,,,,,,"26288805"
"082800","비보존 헬스케어","중견기업부",,,,,,,,,,"169906834"
"318410","비비씨","중견기업부",,,,,,,,,,"5555243"
"200780","비씨월드제약","우량기업부",,,,,,,,,,"8892384"
"141000","비아트론","우량기업부",,,,,,,,,,"12114710"
"090460","비에이치","우량기업부",,,,,,,,,,"33692688"
"083650","비에이치아이","중견기업부",,,,,,,,,,"26000000"
"086670","비엠티","우량기업부",,,,,,,,,,"8146529"
"335890","비올","벤처기업부",,,,,,,,,,"56021133"
"138580","비즈니스온","벤처기업부",,,,,,,,,,"11376440"
"082920","비츠로셀","우량기업부",,,,,,,,,,"21539152"
"054220","비츠로시스","관리종목(소속부없음)",,,,,,,,,,"24420174"
"042370","비츠로테크","우량기업부",,,,,,,,,,"26200025"
"032850","비트컴퓨터","벤처기업부",,,,,,,,,,"16623293"
"238200","비피도","기술성장기업부",,,,,,,,,,"8180000"
"093190","빅솔론","우량기업부",,,,,,,,,,"19238905"
"065450","빅텍","중견기업부",,,,,,,,,,"28652800"
"072950","빛샘전자","벤처기업부",,,,,,,,,,"6230859"
"143240","사람인에이치알","우량기업부",,,,,,,,,,"11659263"
"100090","삼강엠앤티","중견기업부",,,,,,,,,,"36574368"
"122350","삼기","중견기업부",,,,,,,,,,"38339428"
"014970","삼륭물산","중견기업부",,,,,,,,,,"15125000"
"018310","삼목에스폼","우량기업부",,,,,,,,,,"14700000"
"053700","삼보모터스","중견기업부",,,,,,,,,,"18823896"
"009620","삼보산업","중견기업부",,,,,,,,,,"42676766"
"023600","삼보판지","우량기업부",,,,,,,,,,"16170000"
"380320","삼성머스트스팩5호","SPAC(소속부없음)",,,,,,,,,,"4810000"
"377630","삼성스팩4호","SPAC(소속부없음)",,,,,,,,,,"4020000"
"009300","삼아제약","우량기업부",,,,,,,,,,"6370000"
"225190","삼양옵틱스","중견기업부",,,,,,,,,,"10108800"
"361670","삼영에스앤씨","기술성장기업부",,,,,,,,,,"5667658"
"054540","삼영엠텍","우량기업부",,,,,,,,,,"13000000"
"065570","삼영이엔씨","벤처기업부",,,,,,,,,,"9597602"
"032280","삼일","중견기업부",,,,,,,,,,"16213590"
"002290","삼일기업공사","중견기업부",,,,,,,,,,"12400000"
"037460","삼지전자","우량기업부",,,,,,,,,,"16318522"
"032750","삼진","우량기업부",,,,,,,,,,"6000000"
"054090","삼진엘앤디","중견기업부",,,,,,,,,,"24959232"
"000250","삼천당제약","우량기업부",,,,,,,,,,"22768041"
"024950","삼천리자전거","중견기업부",,,,,,,,,,"13273577"
"038500","삼표시멘트","우량기업부",,,,,,,,,,"107357173"
"017480","삼현철강","우량기업부",,,,,,,,,,"15702890"
"046390","삼화네트웍스","중견기업부",,,,,,,,,,"43172933"
"027580","상보","중견기업부",,,,,,,,,,"50209950"
"038540","상상인","우량기업부",,,,,,,,,,"55328313"
"307870","상상인이안1호스팩","SPAC(소속부없음)",,,,,,,,,,"4750000"
"329560","상상인이안제2호스팩","SPAC(소속부없음)",,,,,,,,,,"3850000"
"101000","상상인인더스트리","중견기업부",,,,,,,,,,"71750792"
"091580","상신이디피","우량기업부",,,,,,,,,,"13341861"
"263810","상신전자","중견기업부",,,,,,,,,,"14244718"
"089980","상아프론테크","우량기업부",,,,,,,,,,"15724765"
"042940","상지카일룸","중견기업부",,,,,,,,,,"77538843"
"042600","새로닉스","중견기업부",,,,,,,,,,"12423574"
"252990","샘씨엔에스","기술성장기업부",,,,,,,,,,"50153846"
"263540","샘코","투자주의환기종목(소속부없음)",,,,,,,,,,"29914943"
"294630","서남","기술성장기업부",,,,,,,,,,"20631160"
"038070","서린바이오","우량기업부",,,,,,,,,,"8300676"
"006730","서부T&D","중견기업부",,,,,,,,,,"59258931"
"079650","서산","중견기업부",,,,,,,,,,"20000000"
"100660","서암기계공업","중견기업부",,,,,,,,,,"12600000"
"019770","서연탑메탈","중견기업부",,,,,,,,,,"11650000"
"043710","서울리거","중견기업부",,,,,,,,,,"39101314"
"092190","서울바이오시스","우량기업부",,,,,,,,,,"38223653"
"046890","서울반도체","우량기업부",,,,,,,,,,"58305400"
"063170","서울옥션","중견기업부",,,,,,,,,,"16917500"
"027040","서울전자통신","중견기업부",,,,,,,,,,"69588847"
"018680","서울제약","중견기업부",,,,,,,,,,"8524523"
"093920","서원인텍","우량기업부",,,,,,,,,,"18600000"
"189860","서전기전","벤처기업부",,,,,,,,,,"9698780"
"178320","서진시스템","우량기업부",,,,,,,,,,"18790321"
"122690","서진오토모티브","관리종목(소속부없음)",,,,,,,,,,"19541246"
"140070","서플러스글로벌","우량기업부",,,,,,,,,,"36988000"
"011370","서한","우량기업부",,,,,,,,,,"100894865"
"065710","서호전기","우량기업부",,,,,,,,,,"5150000"
"035890","서희건설","우량기업부",,,,,,,,,,"229808457"
"357550","석경에이티","기술성장기업부",,,,,,,,,,"5455000"
"003100","선광","우량기업부",,,,,,,,,,"6600000"
"123420","선데이토즈","우량기업부",,,,,,,,,,"9569842"
"171090","선익시스템","우량기업부",,,,,,,,,,"9039969"
"086710","선진뷰티사이언스","중견기업부",,,,,,,,,,"6115650"
"014620","성광벤드","중견기업부",,,,,,,,,,"28600000"
"037350","성도이엔지","우량기업부",,,,,,,,,,"15470000"
"081580","성우전자","중견기업부",,,,,,,,,,"15508143"
"045300","성우테크론","중견기업부",,,,,,,,,,"9586649"
"015750","성우하이텍","우량기업부",,,,,,,,,,"80000000"
"080470","성창오토텍","중견기업부",,,,,,,,,,"7300000"
"043260","성호전자","중견기업부",,,,,,,,,,"53405384"
"148150","세경하이테크","우량기업부",,,,,,,,,,"11784281"
"053060","세동","중견기업부",,,,,,,,,,"17459007"
"017510","세명전기","중견기업부",,,,,,,,,,"15246000"
"011560","세보엠이씨","우량기업부",,,,,,,,,,"10530000"
"052190","세영디앤씨","투자주의환기종목(소속부없음)",,,,,,,,,,"3048786"
"100700","세운메디칼","우량기업부",,,,,,,,,,"43800000"
"234100","세원","우량기업부",,,,,,,,,,"33481747"
"024830","세원물산","관리종목(소속부없음)",,,,,,,,,,"8350000"
"258830","세종메디칼","벤처기업부",,,,,,,,,,"8133289"
"036630","세종텔레콤","우량기업부",,,,,,,,,,"596000000"
"039310","세중","관리종목(소속부없음)",,,,,,,,,,"18121667"
"067770","세진티에스","중견기업부",,,,,,,,,,"8396593"
"053450","세코닉스","투자주의환기종목(소속부없음)",,,,,,,,,,"14792803"
"234340","세틀뱅크","우량기업부",,,,,,,,,,"9453000"
"252500","세화피앤씨","중견기업부",,,,,,,,,,"20743195"
"347000","센코","기술성장기업부",,,,,,,,,,"8251244"
"331920","셀레믹스","기술성장기업부",,,,,,,,,,"8164148"
"049180","셀루메드","벤처기업부",,,,,,,,,,"39606973"
"299660","셀리드","기술성장기업부",,,,,,,,,,"9731192"
"268600","셀리버리","기술성장기업부",,,,,,,,,,"17333799"
"108860","셀바스AI","벤처기업부",,,,,,,,,,"22055945"
"208370","셀바스헬스케어","벤처기업부",,,,,,,,,,"21680564"
"068760","셀트리온제약","우량기업부",,,,,,,,,,"36548513"
"091990","셀트리온헬스케어","우량기업부",,,,,,,,,,"155019169"
"290690","소룩스","벤처기업부",,,,,,,,,,"8256843"
"053110","소리바다","관리종목(소속부없음)",,,,,,,,,,"4940349"
"950200","소마젠","외국기업(소속부없음)",,,,,,,,,,"19133553"
"032680","소프트센","중견기업부",,,,,,,,,,"35775801"
"032685","소프트센우","중견기업부",,,,,,,,,,"142857"
"258790","소프트캠프","벤처기업부",,,,,,,,,,"24991284"
"066910","손오공","중견기업부",,,,,,,,,,"26896161"
"043100","솔고바이오","중견기업부",,,,,,,,,,"60759208"
"154040","솔루에타","중견기업부",,,,,,,,,,"13825216"
"035610","솔본","중견기업부",,,,,,,,,,"27345997"
"357780","솔브레인","중견기업부",,,,,,,,,,"7778566"
"036830","솔브레인홀딩스","우량기업부",,,,,,,,,,"20964056"
"304100","솔트룩스","기술성장기업부",,,,,,,,,,"5100665"
"086980","쇼박스","중견기업부",,,,,,,,,,"62600000"
"050960","수산아이앤티","벤처기업부",,,,,,,,,,"6751000"
"084180","수성이노베이션","중견기업부",,,,,,,,,,"56172881"
"253840","수젠텍","기술성장기업부",,,,,,,,,,"15388916"
"058530","슈펙스비앤피","투자주의환기종목(소속부없음)",,,,,,,,,,"13078428"
"236200","슈프리마","우량기업부",,,,,,,,,,"7193273"
"317770","슈프리마아이디","벤처기업부",,,,,,,,,,"3054020"
"094840","슈프리마에이치큐","벤처기업부",,,,,,,,,,"10471840"
"192440","슈피겐코리아","우량기업부",,,,,,,,,,"6216363"
"099440","스맥","중견기업부",,,,,,,,,,"30734609"
"033790","스카이문스테크놀로지","관리종목(소속부없음)",,,,,,,,,,"17117100"
"131100","스카이이앤엠","관리종목(소속부없음)",,,,,,,,,,"53703566"
"159910","스킨앤스킨","투자주의환기종목(소속부없음)",,,,,,,,,,"286226623"
"115570","스타플렉스","중견기업부",,,,,,,,,,"7984508"
"253450","스튜디오드래곤","우량기업부",,,,,,,,,,"30014185"
"204630","스튜디오산타클로스","중견기업부",,,,,,,,,,"37208655"
"013810","스페코","중견기업부",,,,,,,,,,"14655470"
"039670","스포츠서울","관리종목(소속부없음)",,,,,,,,,,"9211617"
"049830","승일","중견기업부",,,,,,,,,,"6132112"
"020710","시공테크","우량기업부",,,,,,,,,,"20047970"
"033170","시그네틱스","중견기업부",,,,,,,,,,"85728319"
"048870","시너지이노베이션","중견기업부",,,,,,,,,,"79534654"
"025320","시노펙스","중견기업부",,,,,,,,,,"73242958"
"269620","시스웍","벤처기업부",,,,,,,,,,"74800958"
"131090","시큐브","벤처기업부",,,,,,,,,,"42000000"
"139050","시티랩스","투자주의환기종목(소속부없음)",,,,,,,,,,"88760992"
"290520","신도기연","우량기업부",,,,,,,,,,"8061280"
"001000","신라섬유","중견기업부",,,,,,,,,,"24277540"
"025870","신라에스지","중견기업부",,,,,,,,,,"4000000"
"215600","신라젠","관리종목(소속부없음)",,,,,,,,,,"102867125"
"065350","신성델타테크","우량기업부",,,,,,,,,,"27483948"
"002800","신신제약","중견기업부",,,,,,,,,,"15170500"
"323280","신영스팩5호","SPAC(소속부없음)",,,,,,,,,,"3505000"
"344050","신영스팩6호","SPAC(소속부없음)",,,,,,,,,,"4305000"
"017000","신원종합개발","우량기업부",,,,,,,,,,"11668027"
"012790","신일제약","우량기업부",,,,,,,,,,"11217186"
"138070","신진에스엠","중견기업부",,,,,,,,,,"8972183"
"226330","신테카바이오","기술성장기업부",,,,,,,,,,"13500016"
"333050","신한제6호스팩","SPAC(소속부없음)",,,,,,,,,,"5010000"
"366330","신한제7호스팩","SPAC(소속부없음)",,,,,,,,,,"4550000"
"393360","신한제8호스팩","SPAC(소속부없음)",,,,,,,,,,"7350000"
"056700","신화인터텍","벤처기업부",,,,,,,,,,"29135091"
"187270","신화콘텍","벤처기업부",,,,,,,,,,"10143845"
"243840","신흥에스이씨","우량기업부",,,,,,,,,,"7565164"
"257720","실리콘투","중견기업부",,,,,,,,,,"10024764"
"222800","심텍","우량기업부",,,,,,,,,,"31854143"
"036710","심텍홀딩스","우량기업부",,,,,,,,,,"40663579"
"160980","싸이맥스","우량기업부",,,,,,,,,,"10924243"
"356890","싸이버원","벤처기업부",,,,,,,,,,"4640830"
"217330","싸이토젠","기술성장기업부",,,,,,,,,,"5663864"
"010280","쌍용정보통신","중견기업부",,,,,,,,,,"63964034"
"208640","썸에이지","관리종목(소속부없음)",,,,,,,,,,"136579460"
"222420","쎄노텍","중견기업부",,,,,,,,,,"40158175"
"037760","쎄니트","우량기업부",,,,,,,,,,"33832921"
"136510","쎄미시스코","벤처기업부",,,,,,,,,,"6894908"
"099320","쎄트렉아이","우량기업부",,,,,,,,,,"9085607"
"049960","쎌바이오텍","중견기업부",,,,,,,,,,"9400000"
"050890","쏠리드","중견기업부",,,,,,,,,,"60280977"
"066790","씨씨에스","투자주의환기종목(소속부없음)",,,,,,,,,,"56005065"
"222080","씨아이에스","중견기업부",,,,,,,,,,"57491676"
"352480","씨앤씨인터내셔널","벤처기업부",,,,,,,,,,"10013941"
"264660","씨앤지하이테크","우량기업부",,,,,,,,,,"8405480"
"352700","씨앤투스성진","기술성장기업부",,,,,,,,,,"9995531"
"297090","씨에스베어링","우량기업부",,,,,,,,,,"9580400"
"115530","씨엔플러스","투자주의환기종목(소속부없음)",,,,,,,,,,"67963000"
"225330","씨엠에스에듀","우량기업부",,,,,,,,,,"18634628"
"115480","씨유메디칼","벤처기업부",,,,,,,,,,"45144525"
"376290","씨유테크","중견기업부",,,,,,,,,,"17657500"
"189330","씨이랩","기술성장기업부",,,,,,,,,,"6027284"
"096530","씨젠","우량기업부",,,,,,,,,,"52225994"
"900120","씨케이에이치","외국기업(소속부없음)",,,,,,,,,,"120449666"
"101240","씨큐브","벤처기업부",,,,,,,,,,"10138184"
"060590","씨티씨바이오","중견기업부",,,,,,,,,,"22674323"
"260930","씨티케이","우량기업부",,,,,,,,,,"19341591"
"013990","아가방컴퍼니","중견기업부",,,,,,,,,,"32887536"
"123860","아나패스","벤처기업부",,,,,,,,,,"11351917"
"025980","아난티","중견기업부",,,,,,,,,,"85230863"
"050320","아래스","투자주의환기종목(소속부없음)",,,,,,,,,,"45661760"
"058220","아리온","투자주의환기종목(소속부없음)",,,,,,,,,,"38974244"
"125210","아모그린텍","기술성장기업부",,,,,,,,,,"16496790"
"357580","아모센스","기술성장기업부",,,,,,,,,,"11200076"
"052710","아모텍","중견기업부",,,,,,,,,,"9743406"
"074430","아미노로직스","벤처기업부",,,,,,,,,,"87826844"
"092040","아미코젠","기술성장기업부",,,,,,,,,,"19751708"
"083930","아바코","우량기업부",,,,,,,,,,"15412798"
"149950","아바텍","우량기업부",,,,,,,,,,"15607500"
"036010","아비코전자","우량기업부",,,,,,,,,,"13292934"
"050860","아세아텍","중견기업부",,,,,,,,,,"22500000"
"246720","아스타","투자주의환기종목(소속부없음)",,,,,,,,,,"11492523"
"067390","아스트","중견기업부",,,,,,,,,,"25695494"
"159010","아스플로","벤처기업부",,,,,,,,,,"4444913"
"127710","아시아경제","중견기업부",,,,,,,,,,"25508734"
"154030","아시아종묘","기술성장기업부",,,,,,,,,,"10619969"
"227610","아우딘퓨쳐스","중견기업부",,,,,,,,,,"22178848"
"143160","아이디스","우량기업부",,,,,,,,,,"10716390"
"054800","아이디스홀딩스","중견기업부",,,,,,,,,,"10347756"
"332370","아이디피","중견기업부",,,,,,,,,,"6636863"
"339950","아이비김영","중견기업부",,,,,,,,,,"44946655"
"099190","아이센스","우량기업부",,,,,,,,,,"13737238"
"289010","아이스크림에듀","우량기업부",,,,,,,,,,"12864037"
"214430","아이쓰리시스템","우량기업부",,,,,,,,,,"7106760"
"040910","아이씨디","우량기업부",,,,,,,,,,"18065413"
"068940","아이씨케이","중견기업부",,,,,,,,,,"34679722"
"052860","아이앤씨","벤처기업부",,,,,,,,,,"17862854"
"069920","아이에스이커머스","중견기업부",,,,,,,,,,"25826362"
"038880","아이에이","중견기업부",,,,,,,,,,"294769150"
"307180","아이엘사이언스","중견기업부",,,,,,,,,,"21222023"
"101390","아이엠","중견기업부",,,,,,,,,,"67189883"
"078860","아이오케이","중견기업부",,,,,,,,,,"89148548"
"114810","아이원스","중견기업부",,,,,,,,,,"25503174"
"031310","아이즈비전","중견기업부",,,,,,,,,,"16439898"
"185490","아이진","기술성장기업부",,,,,,,,,,"19816325"
"059100","아이컴포넌트","벤처기업부",,,,,,,,,,"7070860"
"262840","아이퀘스트","벤처기업부",,,,,,,,,,"9860000"
"175250","아이큐어","기술성장기업부",,,,,,,,,,"9213756"
"052460","아이크래프트","중견기업부",,,,,,,,,,"14607936"
"119830","아이텍","중견기업부",,,,,,,,,,"16626692"
"052770","아이톡시","관리종목(소속부없음)",,,,,,,,,,"16776791"
"124500","아이티센","중견기업부",,,,,,,,,,"19907333"
"084850","아이티엠반도체","우량기업부",,,,,,,,,,"23123264"
"027360","아주IB투자","벤처기업부",,,,,,,,,,"119814625"
"032080","아즈텍WB","중견기업부",,,,,,,,,,"21491029"
"013310","아진산업","중견기업부",,,,,,,,,,"38806582"
"059120","아진엑스텍","벤처기업부",,,,,,,,,,"9748596"
"158430","아톤","벤처기업부",,,,,,,,,,"4353577"
"067160","아프리카TV","우량기업부",,,,,,,,,,"11494767"
"001540","안국약품","우량기업부",,,,,,,,,,"13042420"
"053800","안랩","우량기업부",,,,,,,,,,"10013855"
"065660","안트로젠","기술성장기업부",,,,,,,,,,"9421845"
"297570","알로이스","벤처기업부",,,,,,,,,,"17329414"
"260660","알리코제약","우량기업부",,,,,,,,,,"15327021"
"131370","알서포트","벤처기업부",,,,,,,,,,"53267083"
"140670","알에스오토메이션","중견기업부",,,,,,,,,,"9103140"
"096610","알에프세미","중견기업부",,,,,,,,,,"10248666"
"061040","알에프텍","중견기업부",,,,,,,,,,"32089259"
"148250","알엔투테크놀로지","벤처기업부",,,,,,,,,,"7386521"
"347860","알체라","기술성장기업부",,,,,,,,,,"13720283"
"196170","알테오젠","기술성장기업부",,,,,,,,,,"42264250"
"123750","알톤스포츠","중견기업부",,,,,,,,,,"12746297"
"085810","알티캐스트","중견기업부",,,,,,,,,,"29685769"
"117670","알파홀딩스","중견기업부",,,,,,,,,,"21804082"
"291650","압타머사이언스","기술성장기업부",,,,,,,,,,"8466126"
"293780","압타바이오","기술성장기업부",,,,,,,,,,"22190466"
"196300","애니젠","기술성장기업부",,,,,,,,,,"5602556"
"310200","애니플러스","중견기업부",,,,,,,,,,"29397849"
"900100","애머릿지","관리종목(소속부없음)",,,,,,,,,,"30597535"
"205500","액션스퀘어","중견기업부",,,,,,,,,,"41332645"
"052790","액토즈소프트","벤처기업부",,,,,,,,,,"11330638"
"290740","액트로","벤처기업부",,,,,,,,,,"10065011"
"238090","앤디포스","벤처기업부",,,,,,,,,,"23838122"
"092600","앤씨앤","벤처기업부",,,,,,,,,,"22472740"
"129890","앱코","중견기업부",,,,,,,,,,"9833482"
"174900","앱클론","기술성장기업부",,,,,,,,,,"15278069"
"255440","야스","우량기업부",,,,,,,,,,"13058000"
"060230","얍엑스","중견기업부",,,,,,,,,,"86644077"
"030960","양지사","중견기업부",,,,,,,,,,"15980000"
"102120","어보브반도체","우량기업부",,,,,,,,,,"17459653"
"238120","얼라인드","기술성장기업부",,,,,,,,,,"7189448"
"019990","에너토크","중견기업부",,,,,,,,,,"9756088"
"270660","에브리봇","중견기업부",,,,,,,,,,"6095671"
"038680","에스넷","우량기업부",,,,,,,,,,"16075215"
"217480","에스디생명공학","중견기업부",,,,,,,,,,"22415066"
"121890","에스디시스템","투자주의환기종목(소속부없음)",,,,,,,,,,"9609200"
"097780","에스맥","우량기업부",,,,,,,,,,"283520250"
"042110","에스씨디","우량기업부",,,,,,,,,,"48329564"
"298060","에스씨엠생명과학","기술성장기업부",,,,,,,,,,"12021854"
"065420","에스아이리소스","관리종목(소속부없음)",,,,,,,,,,"68076186"
"103230","에스앤더블류","관리종목(소속부없음)",,,,,,,,,,"7200000"
"260970","에스앤디","벤처기업부",,,,,,,,,,"4059420"
"101490","에스앤에스텍","우량기업부",,,,,,,,,,"21451447"
"095910","에스에너지","중견기업부",,,,,,,,,,"19396669"
"275630","에스에스알","벤처기업부",,,,,,,,,,"5930038"
"031330","에스에이엠티","우량기업부",,,,,,,,,,"99995067"
"060540","에스에이티","중견기업부",,,,,,,,,,"26133306"
"056190","에스에프에이","우량기업부",,,,,,,,,,"35908760"
"080000","에스엔유","우량기업부",,,,,,,,,,"34322870"
"214310","에스엘바이오닉스","중견기업부",,,,,,,,,,"42063813"
"041510","에스엠","중견기업부",,,,,,,,,,"23710151"
"007820","에스엠코어","중견기업부",,,,,,,,,,"20033946"
"109610","에스와이","중견기업부",,,,,,,,,,"46945284"
"306040","에스제이그룹","우량기업부",,,,,,,,,,"9865828"
"096630","에스코넥","중견기업부",,,,,,,,,,"66167999"
"069510","에스텍","우량기업부",,,,,,,,,,"10910000"
"041910","에스텍파마","벤처기업부",,,,,,,,,,"11898263"
"234300","에스트래픽","중견기업부",,,,,,,,,,"20826160"
"039440","에스티아이","우량기업부",,,,,,,,,,"15830000"
"098660","에스티오","중견기업부",,,,,,,,,,"12500976"
"052020","에스티큐브","중견기업부",,,,,,,,,,"30575903"
"237690","에스티팜","중견기업부",,,,,,,,,,"18656000"
"050760","에스폴리텍","중견기업부",,,,,,,,,,"16334678"
"288620","에스퓨얼셀","벤처기업부",,,,,,,,,,"6874316"
"317830","에스피시스템스","벤처기업부",,,,,,,,,,"8145700"
"058610","에스피지","우량기업부",,,,,,,,,,"22177360"
"043340","에쎈테크","중견기업부",,,,,,,,,,"72000000"
"187660","에이디엠코리아","벤처기업부",,,,,,,,,,"21836250"
"054630","에이디칩스","벤처기업부",,,,,,,,,,"79709461"
"200710","에이디테크놀로지","우량기업부",,,,,,,,,,"13329832"
"096690","에이루트","벤처기업부",,,,,,,,,,"150563096"
"298380","에이비엘바이오","기술성장기업부",,,,,,,,,,"47123275"
"203400","에이비온","기술성장기업부",,,,,,,,,,"17787072"
"195990","에이비프로바이오","중견기업부",,,,,,,,,,"251469584"
"003800","에이스침대","우량기업부",,,,,,,,,,"11090000"
"088800","에이스테크","중견기업부",,,,,,,,,,"43723601"
"241840","에이스토리","중견기업부",,,,,,,,,,"9531760"
"312610","에이에프더블류","벤처기업부",,,,,,,,,,"20256888"
"072990","에이치시티","중견기업부",,,,,,,,,,"6995611"
"227100","에이치앤비디자인","벤처기업부",,,,,,,,,,"4700921"
"176440","에이치엔티","투자주의환기종목(소속부없음)",,,,,,,,,,"85739345"
"028300","에이치엘비","중견기업부",,,,,,,,,,"106610064"
"067630","에이치엘비생명과학","중견기업부",,,,,,,,,,"94180906"
"047920","에이치엘비제약","기술성장기업부",,,,,,,,,,"22357821"
"043220","에이치엘비파워","중견기업부",,,,,,,,,,"91115377"
"239610","에이치엘사이언스","우량기업부",,,,,,,,,,"5392115"
"353070","에이치엠씨제4호스팩","SPAC(소속부없음)",,,,,,,,,,"4310000"
"353060","에이치엠씨제5호스팩","SPAC(소속부없음)",,,,,,,,,,"5115000"
"044780","에이치케이","벤처기업부",,,,,,,,,,"18505787"
"357230","에이치피오","중견기업부",,,,,,,,,,"19938160"
"071670","에이테크솔루션","중견기업부",,,,,,,,,,"10000000"
"045660","에이텍","우량기업부",,,,,,,,,,"8260000"
"224110","에이텍티앤","벤처기업부",,,,,,,,,,"5340000"
"230980","에이트원","벤처기업부",,,,,,,,,,"57868076"
"021080","에이티넘인베스트","벤처기업부",,,,,,,,,,"48000000"
"089530","에이티세미콘","중견기업부",,,,,,,,,,"14962842"
"200470","에이팩트","중견기업부",,,,,,,,,,"17553680"
"262260","에이프로","우량기업부",,,,,,,,,,"6880626"
"109960","에이프로젠 H&G","중견기업부",,,,,,,,,,"178695217"
"089970","에이피티씨","우량기업부",,,,,,,,,,"23700595"
"230240","에치에프알","중견기업부",,,,,,,,,,"12882020"
"064510","에코마이스터","관리종목(소속부없음)",,,,,,,,,,"40585051"
"230360","에코마케팅","벤처기업부",,,,,,,,,,"32733029"
"038870","에코바이오","중견기업부",,,,,,,,,,"11610994"
"128540","에코캡","벤처기업부",,,,,,,,,,"14558800"
"086520","에코프로","우량기업부",,,,,,,,,,"18701387"
"247540","에코프로비엠","우량기업부",,,,,,,,,,"21919466"
"383310","에코프로에이치엔","중견기업부",,,,,,,,,,"15304932"
"038110","에코플라스틱","중견기업부",,,,,,,,,,"25669370"
"073540","에프알텍","벤처기업부",,,,,,,,,,"11400000"
"064850","에프앤가이드","벤처기업부",,,,,,,,,,"12080000"
"064090","에프앤리퍼블릭","투자주의환기종목(소속부없음)",,,,,,,,,,"10989409"
"036810","에프에스티","우량기업부",,,,,,,,,,"21756789"
"173940","에프엔씨엔터","중견기업부",,,,,,,,,,"14364880"
"083500","에프엔에스테크","벤처기업부",,,,,,,,,,"8385722"
"054940","엑사이엔씨","중견기업부",,,,,,,,,,"33173548"
"950130","엑세스바이오","외국기업(소속부없음)",,,,,,,,,,"36315527"
"205100","엑셈","벤처기업부",,,,,,,,,,"33882273"
"070300","엑스큐어","벤처기업부",,,,,,,,,,"7366074"
"092870","엑시콘","우량기업부",,,,,,,,,,"10476127"
"317870","엔바이오니아","기술성장기업부",,,,,,,,,,"7673055"
"067570","엔브이에이치코리아","중견기업부",,,,,,,,,,"32824712"
"236810","엔비티","기술성장기업부",,,,,,,,,,"8487713"
"333620","엔시스","벤처기업부",,,,,,,,,,"10556344"
"101400","엔시트론","관리종목(소속부없음)",,,,,,,,,,"32295909"
"217820","엔에스","우량기업부",,,,,,,,,,"11513237"
"031860","엔에스엔","중견기업부",,,,,,,,,,"57693009"
"359090","엔에이치스팩17호","SPAC(소속부없음)",,,,,,,,,,"7010000"
"365590","엔에이치스팩18호","SPAC(소속부없음)",,,,,,,,,,"4600000"
"391060","엔에이치스팩20호","SPAC(소속부없음)",,,,,,,,,,"25500000"
"265740","엔에프씨","벤처기업부",,,,,,,,,,"8931800"
"354200","엔젠바이오","기술성장기업부",,,,,,,,,,"12425912"
"208860","엔지스테크널러지","투자주의환기종목(소속부없음)",,,,,,,,,,"11443863"
"183490","엔지켐생명과학","기술성장기업부",,,,,,,,,,"8331345"
"182400","엔케이맥스","기술성장기업부",,,,,,,,,,"36197521"
"069410","엔텔스","벤처기업부",,,,,,,,,,"10244824"
"227950","엔투텍","중견기업부",,,,,,,,,,"71561429"
"291230","엔피","중견기업부",,,,,,,,,,"39999808"
"198080","엔피디","우량기업부",,,,,,,,,,"21535185"
"048830","엔피케이","중견기업부",,,,,,,,,,"18723923"
"096870","엘디티","벤처기업부",,,,,,,,,,"6678400"
"376190","엘비루셈","중견기업부",,,,,,,,,,"24600000"
"061970","엘비세미콘","우량기업부",,,,,,,,,,"43784592"
"138690","엘아이에스","중견기업부",,,,,,,,,,"16770460"
"290650","엘앤씨바이오","벤처기업부",,,,,,,,,,"22684891"
"066970","엘앤에프","중견기업부",,,,,,,,,,"34578729"
"156100","엘앤케이바이오","중견기업부",,,,,,,,,,"13392743"
"073110","엘엠에스","벤처기업부",,,,,,,,,,"8895755"
"083310","엘오티베큠","우량기업부",,,,,,,,,,"17810033"
"037950","엘컴텍","중견기업부",,,,,,,,,,"84447519"
"170920","엘티씨","벤처기업부",,,,,,,,,,"8019363"
"058630","엠게임","벤처기업부",,,,,,,,,,"19543877"
"058970","엠로","기술성장기업부",,,,,,,,,,"5426060"
"019590","엠벤처투자","중견기업부",,,,,,,,,,"68019464"
"169330","엠브레인","중견기업부",,,,,,,,,,"8968459"
"179290","엠아이텍","중견기업부",,,,,,,,,,"31424348"
"009780","엠에스씨","우량기업부",,,,,,,,,,"17600000"
"123040","엠에스오토텍","중견기업부",,,,,,,,,,"35654087"
"323230","엠에프엠코리아","중견기업부",,,,,,,,,,"20271660"
"032790","엠젠플러스","관리종목(소속부없음)",,,,,,,,,,"29534345"
"033160","엠케이전자","우량기업부",,,,,,,,,,"21807689"
"347890","엠투아이","벤처기업부",,,,,,,,,,"16798204"
"033310","엠투엔","중견기업부",,,,,,,,,,"25443881"
"259630","엠플러스","우량기업부",,,,,,,,,,"11402436"
"065150","엠피대산","관리종목(소속부없음)",,,,,,,,,,"125282405"
"115960","연우","우량기업부",,,,,,,,,,"12398000"
"090740","연이비앤티","중견기업부",,,,,,,,,,"19126082"
"060850","영림원소프트랩","벤처기업부",,,,,,,,,,"8131000"
"007530","영신금속","중견기업부",,,,,,,,,,"19174452"
"143540","영우디에스피","벤처기업부",,,,,,,,,,"44599895"
"036560","영풍정밀","우량기업부",,,,,,,,,,"15750000"
"265560","영화테크","벤처기업부",,,,,,,,,,"10690180"
"036000","예림당","중견기업부",,,,,,,,,,"23034277"
"250930","예선테크","벤처기업부",,,,,,,,,,"33000440"
"053280","예스24","중견기업부",,,,,,,,,,"25000000"
"122640","예스티","벤처기업부",,,,,,,,,,"17291129"
"900300","오가닉티코스메틱","외국기업(소속부없음)",,,,,,,,,,"83948289"
"045060","오공","우량기업부",,,,,,,,,,"16941974"
"080520","오디텍","벤처기업부",,,,,,,,,,"11746609"
"039830","오로라","우량기업부",,,,,,,,,,"10762890"
"322310","오로스테크놀로지","벤처기업부",,,,,,,,,,"9366542"
"046120","오르비텍","중견기업부",,,,,,,,,,"24968430"
"014940","오리엔탈정공","우량기업부",,,,,,,,,,"45573661"
"065500","오리엔트정공","투자주의환기종목(소속부없음)",,,,,,,,,,"117214562"
"010470","오리콤","우량기업부",,,,,,,,,,"11975050"
"352910","오비고","기술성장기업부",,,,,,,,,,"11444824"
"053980","오상자이엘","중견기업부",,,,,,,,,,"17747882"
"052420","오성첨단소재","우량기업부",,,,,,,,,,"72167314"
"241790","오션브릿지","우량기업부",,,,,,,,,,"10002634"
"039200","오스코텍","벤처기업부",,,,,,,,,,"30206525"
"226400","오스테오닉","기술성장기업부",,,,,,,,,,"16773054"
"031510","오스템","중견기업부",,,,,,,,,,"28000000"
"048260","오스템임플란트","우량기업부",,,,,,,,,,"14285717"
"138080","오이솔루션","우량기업부",,,,,,,,,,"10624095"
"080580","오킨스전자","벤처기업부",,,,,,,,,,"17679298"
"067170","오텍","우량기업부",,,,,,,,,,"15391605"
"173130","오파스넷","중견기업부",,,,,,,,,,"11860430"
"049480","오픈베이스","중견기업부",,,,,,,,,,"31422383"
"309930","오하임아이엔티","중견기업부",,,,,,,,,,"20507691"
"244460","올리패스","기술성장기업부",,,,,,,,,,"25826572"
"226950","올릭스","기술성장기업부",,,,,,,,,,"13703160"
"057540","옴니시스템","우량기업부",,,,,,,,,,"46449355"
"082210","옵트론텍","중견기업부",,,,,,,,,,"24383997"
"109080","옵티시스","벤처기업부",,,,,,,,,,"5636000"
"153710","옵티팜","기술성장기업부",,,,,,,,,,"14589458"
"321820","와이더플래닛","기술성장기업부",,,,,,,,,,"6897482"
"122990","와이솔","우량기업부",,,,,,,,,,"28186941"
"232140","와이아이케이","우량기업부",,,,,,,,,,"82045350"
"065530","와이어블","중견기업부",,,,,,,,,,"52860000"
"067900","와이엔텍","우량기업부",,,,,,,,,,"18199659"
"155650","와이엠씨","우량기업부",,,,,,,,,,"19974358"
"273640","와이엠텍","벤처기업부",,,,,,,,,,"5393000"
"251370","와이엠티","우량기업부",,,,,,,,,,"14954978"
"066430","와이오엠","중견기업부",,,,,,,,,,"15855736"
"193250","와이제이엠게임즈","중견기업부",,,,,,,,,,"57183559"
"273060","와이즈버즈","중견기업부",,,,,,,,,,"48561742"
"019210","와이지-원","중견기업부",,,,,,,,,,"30573819"
"122870","와이지엔터테인먼트","중견기업부",,,,,,,,,,"18441369"
"332570","와이팜","우량기업부",,,,,,,,,,"37141356"
"079000","와토스코리아","중견기업부",,,,,,,,,,"7200000"
"032820","우리기술","벤처기업부",,,,,,,,,,"133324108"
"041190","우리기술투자","벤처기업부",,,,,,,,,,"84000000"
"115440","우리넷","벤처기업부",,,,,,,,,,"9136944"
"046970","우리로","관리종목(소속부없음)",,,,,,,,,,"32049634"
"082850","우리바이오","중견기업부",,,,,,,,,,"45277878"
"215360","우리산업","우량기업부",,,,,,,,,,"9132163"
"072470","우리산업홀딩스","중견기업부",,,,,,,,,,"18887341"
"073560","우리손에프앤지","우량기업부",,,,,,,,,,"69237643"
"153490","우리이앤엘","중견기업부",,,,,,,,,,"51480000"
"037400","우리조명","중견기업부",,,,,,,,,,"26223346"
"101170","우림기계","벤처기업부",,,,,,,,,,"13500000"
"066590","우수AMS","중견기업부",,,,,,,,,,"35618100"
"103840","우양","중견기업부",,,,,,,,,,"14258000"
"046940","우원개발","우량기업부",,,,,,,,,,"18074350"
"215380","우정바이오","벤처기업부",,,,,,,,,,"12092926"
"065680","우주일렉트로","우량기업부",,,,,,,,,,"9934220"
"018620","우진비앤지","벤처기업부",,,,,,,,,,"28889293"
"307280","원바이오젠","벤처기업부",,,,,,,,,,"35044408"
"053080","원방테크","우량기업부",,,,,,,,,,"12999807"
"032940","원익","벤처기업부",,,,,,,,,,"18193230"
"240810","원익IPS","우량기업부",,,,,,,,,,"49083901"
"074600","원익QnC","우량기업부",,,,,,,,,,"26288000"
"104830","원익머트리얼즈","우량기업부",,,,,,,,,,"12608000"
"014190","원익큐브","중견기업부",,,,,,,,,,"35399906"
"131390","원익피앤이","우량기업부",,,,,,,,,,"14818910"
"030530","원익홀딩스","우량기업부",,,,,,,,,,"77237981"
"012620","원일특강","우량기업부",,,,,,,,,,"4400000"
"382840","원준","벤처기업부",,,,,,,,,,"5020191"
"376980","원티드랩","기술성장기업부",,,,,,,,,,"4703068"
"008370","원풍","중견기업부",,,,,,,,,,"12000000"
"008290","원풍물산","투자주의환기종목(소속부없음)",,,,,,,,,,"40693679"
"101160","월덱스","우량기업부",,,,,,,,,,"16510993"
"095270","웨이브일렉트로","관리종목(소속부없음)",,,,,,,,,,"14971256"
"065950","웰크론","우량기업부",,,,,,,,,,"28231302"
"076080","웰크론한텍","중견기업부",,,,,,,,,,"20816746"
"196700","웹스","벤처기업부",,,,,,,,,,"14364144"
"069080","웹젠","우량기업부",,,,,,,,,,"35310884"
"053580","웹케시","우량기업부",,,,,,,,,,"13786248"
"071460","위니아딤채","중견기업부",,,,,,,,,,"35967295"
"044340","위닉스","우량기업부",,,,,,,,,,"17873425"
"330350","위더스제약","우량기업부",,,,,,,,,,"13188622"
"348350","위드텍","우량기업부",,,,,,,,,,"10183600"
"112040","위메이드","중견기업부",,,,,,,,,,"33257434"
"101730","위메이드맥스","관리종목(소속부없음)",,,,,,,,,,"15795635"
"065370","위세아이텍","중견기업부",,,,,,,,,,"6575874"
"038620","위즈코프","중견기업부",,,,,,,,,,"60532194"
"299900","위지윅스튜디오","중견기업부",,,,,,,,,,"36482221"
"036090","위지트","중견기업부",,,,,,,,,,"90231385"
"136540","윈스","우량기업부",,,,,,,,,,"12211663"
"320000","윈텍","중견기업부",,,,,,,,,,"18499148"
"097800","윈팩","벤처기업부",,,,,,,,,,"42910385"
"192390","윈하이텍","중견기업부",,,,,,,,,,"10656896"
"313760","윌링스","중견기업부",,,,,,,,,,"4862000"
"900340","윙입푸드","외국기업(소속부없음)",,,,,,,,,,"47973428"
"036200","유니셈","우량기업부",,,,,,,,,,"30664223"
"018000","유니슨","중견기업부",,,,,,,,,,"121733751"
"203450","유니온커뮤니티","벤처기업부",,,,,,,,,,"14679007"
"011320","유니크","중견기업부",,,,,,,,,,"19320695"
"086390","유니테스트","우량기업부",,,,,,,,,,"21134126"
"241690","유니테크노","우량기업부",,,,,,,,,,"25011565"
"142210","유니트론텍","중견기업부",,,,,,,,,,"12560930"
"048430","유라테크","우량기업부",,,,,,,,,,"11520000"
"206650","유바이오로직스","기술성장기업부",,,,,,,,,,"36229307"
"089850","유비벨록스","우량기업부",,,,,,,,,,"7115697"
"032620","유비케어","우량기업부",,,,,,,,,,"52197139"
"264450","유비쿼스","우량기업부",,,,,,,,,,"10245706"
"078070","유비쿼스홀딩스","우량기업부",,,,,,,,,,"18696628"
"024800","유성티엔에스","우량기업부",,,,,,,,,,"31278618"
"054930","유신","중견기업부",,,,,,,,,,"3000000"
"069330","유아이디","관리종목(소속부없음)",,,,,,,,,,"13579722"
"049520","유아이엘","중견기업부",,,,,,,,,,"21784936"
"313750","유안타제4호스팩","SPAC(소속부없음)",,,,,,,,,,"4650000"
"336060","유안타제5호스팩","SPAC(소속부없음)",,,,,,,,,,"5930000"
"367460","유안타제7호스팩","SPAC(소속부없음)",,,,,,,,,,"5500000"
"367480","유안타제8호스팩","SPAC(소속부없음)",,,,,,,,,,"6490000"
"056090","유앤아이","기술성장기업부",,,,,,,,,,"9276924"
"263770","유에스티","우량기업부",,,,,,,,,,"23700172"
"340930","유일에너테크","벤처기업부",,,,,,,,,,"10674744"
"023410","유진기업","우량기업부",,,,,,,,,,"77310863"
"056080","유진로봇","벤처기업부",,,,,,,,,,"37512152"
"321260","유진스팩4호","SPAC(소속부없음)",,,,,,,,,,"3490000"
"331380","유진스팩5호","SPAC(소속부없음)",,,,,,,,,,"4010000"
"373340","유진스팩6호","SPAC(소속부없음)",,,,,,,,,,"3020000"
"388800","유진스팩7호","SPAC(소속부없음)",,,,,,,,,,"5010000"
"084370","유진테크","우량기업부",,,,,,,,,,"22916042"
"178780","유테크","관리종목(소속부없음)",,,,,,,,,,"34820984"
"179900","유티아이","우량기업부",,,,,,,,,,"16206895"
"263050","유틸렉스","기술성장기업부",,,,,,,,,,"15453234"
"191410","육일씨엔에쓰","중견기업부",,,,,,,,,,"9363022"
"072770","율호","중견기업부",,,,,,,,,,"38967004"
"039020","이건홀딩스","우량기업부",,,,,,,,,,"22584709"
"067920","이글루시큐리티","벤처기업부",,,,,,,,,,"10996119"
"044960","이글벳","중견기업부",,,,,,,,,,"12641883"
"303530","이노뎁","벤처기업부",,,,,,,,,,"7302549"
"302430","이노메트리","벤처기업부",,,,,,,,,,"9833208"
"073490","이노와이어리스","우량기업부",,,,,,,,,,"6737544"
"215790","이노인스트루먼트","중견기업부",,,,,,,,,,"40283149"
"246960","이노테라피","기술성장기업부",,,,,,,,,,"5044184"
"088390","이녹스","중견기업부",,,,,,,,,,"9350844"
"272290","이녹스첨단소재","우량기업부",,,,,,,,,,"19641658"
"053350","이니텍","중견기업부",,,,,,,,,,"19790916"
"258610","이더블유케이","벤처기업부",,,,,,,,,,"14474525"
"041520","이라이콤","우량기업부",,,,,,,,,,"12188730"
"264850","이랜시스","중견기업부",,,,,,,,,,"28751812"
"054210","이랜텍","중견기업부",,,,,,,,,,"25291210"
"164060","이루다","벤처기업부",,,,,,,,,,"7815060"
"065440","이루온","벤처기업부",,,,,,,,,,"27275020"
"115610","이미지스","관리종목(소속부없음)",,,,,,,,,,"7669128"
"349720","이베스트스팩5호","SPAC(소속부없음)",,,,,,,,,,"3620000"
"323210","이베스트이안스팩1호","SPAC(소속부없음)",,,,,,,,,,"3200000"
"078020","이베스트투자증권","우량기업부",,,,,,,,,,"55481190"
"131400","이브이첨단소재","벤처기업부",,,,,,,,,,"46794262"
"351330","이삭엔지니어링","벤처기업부",,,,,,,,,,"8288520"
"080010","이상네트웍스","중견기업부",,,,,,,,,,"9015000"
"086890","이수앱지스","기술성장기업부",,,,,,,,,,"33182668"
"047560","이스트소프트","벤처기업부",,,,,,,,,,"11368732"
"900110","이스트아시아홀딩스","외국기업(소속부없음)",,,,,,,,,,"169509757"
"067010","이씨에스","벤처기업부",,,,,,,,,,"12294000"
"101360","이엔드디","우량기업부",,,,,,,,,,"10320383"
"102710","이엔에프테크놀로지","우량기업부",,,,,,,,,,"14287836"
"066980","이엔코퍼레이션","중견기업부",,,,,,,,,,"38580273"
"063760","이엘피","벤처기업부",,,,,,,,,,"9325130"
"123570","이엠넷","중견기업부",,,,,,,,,,"22276078"
"083470","이엠앤아이","관리종목(소속부없음)",,,,,,,,,,"27424515"
"095190","이엠코리아","중견기업부",,,,,,,,,,"42581037"
"091120","이엠텍","우량기업부",,,,,,,,,,"15887936"
"039030","이오테크닉스","우량기업부",,,,,,,,,,"12319550"
"294090","이오플로우","기술성장기업부",,,,,,,,,,"11544655"
"088290","이원컴포텍","중견기업부",,,,,,,,,,"22636305"
"181340","이즈미디어","벤처기업부",,,,,,,,,,"7120100"
"353810","이지바이오","중견기업부",,,,,,,,,,"34191720"
"099750","이지케어텍","우량기업부",,,,,,,,,,"6386000"
"035810","이지홀딩스","우량기업부",,,,,,,,,,"65145845"
"160600","이큐셀","관리종목(소속부없음)",,,,,,,,,,"13780746"
"092130","이크레더블","중견기업부",,,,,,,,,,"12043600"
"096040","이트론","중견기업부",,,,,,,,,,"524598748"
"134060","이퓨쳐","벤처기업부",,,,,,,,,,"4769250"
"001840","이화공영","중견기업부",,,,,,,,,,"19805760"
"024810","이화전기","중견기업부",,,,,,,,,,"83463623"
"041830","인바디","우량기업부",,,,,,,,,,"13683782"
"352940","인바이오","벤처기업부",,,,,,,,,,"10867730"
"079950","인베니아","중견기업부",,,,,,,,,,"23200000"
"277410","인산가","벤처기업부",,,,,,,,,,"31863399"
"060150","인선이엔티","우량기업부",,,,,,,,,,"46563612"
"033230","인성정보","중견기업부",,,,,,,,,,"39215380"
"037330","인지디스플레","우량기업부",,,,,,,,,,"43885224"
"083640","인콘","벤처기업부",,,,,,,,,,"44658769"
"216050","인크로스","중견기업부",,,,,,,,,,"8056777"
"049070","인탑스","우량기업부",,,,,,,,,,"17200000"
"119610","인터로조","우량기업부",,,,,,,,,,"12967147"
"017250","인터엠","투자주의환기종목(소속부없음)",,,,,,,,,,"21045467"
"035080","인터파크","중견기업부",,,,,,,,,,"81189163"
"051370","인터플렉스","중견기업부",,,,,,,,,,"23327472"
"064290","인텍플러스","벤처기업부",,,,,,,,,,"12695462"
"189300","인텔리안테크","우량기업부",,,,,,,,,,"9183669"
"150840","인트로메딕","기술성장기업부",,,,,,,,,,"36174527"
"048530","인트론바이오","기술성장기업부",,,,,,,,,,"33473559"
"175140","인포마크","관리종목(소속부없음)",,,,,,,,,,"5074288"
"115310","인포바인","벤처기업부",,,,,,,,,,"3192883"
"039290","인포뱅크","중견기업부",,,,,,,,,,"8693978"
"071200","인피니트헬스케어","중견기업부",,,,,,,,,,"24396458"
"016670","인피니티엔티","투자주의환기종목(소속부없음)",,,,,,,,,,"100258024"
"101930","인화정공","우량기업부",,,,,,,,,,"9331705"
"333430","일승","중견기업부",,,,,,,,,,"30726747"
"068330","일신바이오","중견기업부",,,,,,,,,,"44216140"
"058450","일야","관리종목(소속부없음)",,,,,,,,,,"31740000"
"019540","일지테크","중견기업부",,,,,,,,,,"13513500"
"094820","일진파워","우량기업부",,,,,,,,,,"15078709"
"950140","잉글우드랩","외국기업(소속부없음)",,,,,,,,,,"19867866"
"049550","잉크테크","벤처기업부",,,,,,,,,,"19393957"
"254120","자비스","기술성장기업부",,,,,,,,,,"22182217"
"221610","자안바이오","관리종목(소속부없음)",,,,,,,,,,"6654797"
"219550","자안코스메틱","중견기업부",,,,,,,,,,"7982786"
"043910","자연과환경","중견기업부",,,,,,,,,,"61763453"
"234920","자이글","벤처기업부",,,,,,,,,,"13530910"
"289220","자이언트스텝","기술성장기업부",,,,,,,,,,"9655765"
"174880","장원테크","중견기업부",,,,,,,,,,"19129453"
"049630","재영솔루텍","중견기업부",,,,,,,,,,"80653389"
"110020","전진바이오팜","기술성장기업부",,,,,,,,,,"6341369"
"208140","정다운","우량기업부",,,,,,,,,,"32529824"
"022220","정산애강","우량기업부",,,,,,,,,,"51794579"
"040420","정상제이엘에스","우량기업부",,,,,,,,,,"15677552"
"045510","정원엔시스","중견기업부",,,,,,,,,,"32209292"
"217190","제너셈","벤처기업부",,,,,,,,,,"8769174"
"095700","제넥신","기술성장기업부",,,,,,,,,,"25028532"
"072520","제넨바이오","벤처기업부",,,,,,,,,,"209192843"
"122310","제노레이","우량기업부",,,,,,,,,,"14553844"
"361390","제노코","기술성장기업부",,,,,,,,,,"2442140"
"187420","제노포커스","기술성장기업부",,,,,,,,,,"22499010"
"225220","제놀루션","기술성장기업부",,,,,,,,,,"9567180"
"123330","제닉","벤처기업부",,,,,,,,,,"7000000"
"159580","제로투세븐","중견기업부",,,,,,,,,,"20032636"
"147830","제룡산업","벤처기업부",,,,,,,,,,"10000000"
"033100","제룡전기","벤처기업부",,,,,,,,,,"16062409"
"079370","제우스","우량기업부",,,,,,,,,,"10384000"
"054950","제이브이엠","우량기업부",,,,,,,,,,"12089892"
"090470","제이스텍","중견기업부",,,,,,,,,,"14597808"
"287410","제이시스메디칼","벤처기업부",,,,,,,,,,"70634472"
"137950","제이씨케미칼","우량기업부",,,,,,,,,,"22267814"
"033320","제이씨현시스템","우량기업부",,,,,,,,,,"19114432"
"204270","제이앤티씨","우량기업부",,,,,,,,,,"57848466"
"026040","제이에스티나","중견기업부",,,,,,,,,,"16503790"
"126880","제이엔케이히터","벤처기업부",,,,,,,,,,"23204903"
"322510","제이엘케이","기술성장기업부",,,,,,,,,,"15160989"
"033050","제이엠아이","중견기업부",,,,,,,,,,"32579342"
"094970","제이엠티","중견기업부",,,,,,,,,,"16748240"
"058420","제이웨이","투자주의환기종목(소속부없음)",,,,,,,,,,"3610839"
"089790","제이티","벤처기업부",,,,,,,,,,"10315513"
"052670","제일바이오","중견기업부",,,,,,,,,,"29129064"
"199820","제일전기공업","벤처기업부",,,,,,,,,,"11110000"
"023440","제일제강","중견기업부",,,,,,,,,,"34811140"
"038010","제일테크노스","중견기업부",,,,,,,,,,"9000000"
"276730","제주맥주","기술성장기업부",,,,,,,,,,"56495461"
"080220","제주반도체","우량기업부",,,,,,,,,,"34442833"
"216080","제테마","기술성장기업부",,,,,,,,,,"17765959"
"229000","젠큐릭스","기술성장기업부",,,,,,,,,,"6558421"
"082270","젬백스","벤처기업부",,,,,,,,,,"39798059"
"064800","젬백스링크","벤처기업부",,,,,,,,,,"83095755"
"041590","젬백스지오","중견기업부",,,,,,,,,,"90702705"
"044060","조광ILI","벤처기업부",,,,,,,,,,"13850909"
"034940","조아제약","중견기업부",,,,,,,,,,"30979827"
"067000","조이시티","벤처기업부",,,,,,,,,,"45462272"
"033340","좋은사람들","투자주의환기종목(소속부없음)",,,,,,,,,,"49908224"
"036930","주성엔지니어링","우량기업부",,,,,,,,,,"48249212"
"239340","줌인터넷","중견기업부",,,,,,,,,,"26979634"
"051980","중앙디앤엠","중견기업부",,,,,,,,,,"69884557"
"072020","중앙백신","벤처기업부",,,,,,,,,,"9960000"
"000440","중앙에너비스","중견기업부",,,,,,,,,,"6227130"
"078650","지나인제약","관리종목(소속부없음)",,,,,,,,,,"74785908"
"228760","지노믹트리","기술성장기업부",,,,,,,,,,"20327512"
"314130","지놈앤컴퍼니","기술성장기업부",,,,,,,,,,"13496620"
"043610","지니뮤직","우량기업부",,,,,,,,,,"58115438"
"263860","지니언스","벤처기업부",,,,,,,,,,"9444600"
"303030","지니틱스","벤처기업부",,,,,,,,,,"35745668"
"036180","지더블유바이텍","중견기업부",,,,,,,,,,"29766225"
"208350","지란지교시큐리티","벤처기업부",,,,,,,,,,"8306541"
"114570","지스마트글로벌","투자주의환기종목(소속부없음)",,,,,,,,,,"11339394"
"051160","지어소프트","우량기업부",,,,,,,,,,"14574555"
"053050","지에스이","우량기업부",,,,,,,,,,"29987597"
"119850","지엔씨에너지","우량기업부",,,,,,,,,,"16448909"
"270520","지엔원에너지","벤처기업부",,,,,,,,,,"31208908"
"065060","지엔코","중견기업부",,,,,,,,,,"98008044"
"204840","지엘팜텍","기술성장기업부",,,,,,,,,,"51886844"
"115450","지트리비앤티","중견기업부",,,,,,,,,,"27088019"
"219750","지티지웰니스","관리종목(소속부없음)",,,,,,,,,,"17440788"
"018120","진로발효","우량기업부",,,,,,,,,,"6621120"
"109820","진매트릭스","기술성장기업부",,,,,,,,,,"20393640"
"086060","진바이오텍","중견기업부",,,,,,,,,,"8610587"
"036890","진성티이씨","우량기업부",,,,,,,,,,"22482268"
"363250","진시스템","기술성장기업부",,,,,,,,,,"6811080"
"007370","진양제약","중견기업부",,,,,,,,,,"12000000"
"085660","차바이오텍","중견기업부",,,,,,,,,,"56260532"
"158310","참존글로벌","관리종목(소속부없음)",,,,,,,,,,"47606174"
"094850","참좋은여행","중견기업부",,,,,,,,,,"14000000"
"004650","창해에탄올","우량기업부",,,,,,,,,,"9190885"
"311690","천랩","기술성장기업부",,,,,,,,,,"3909848"
"278280","천보","우량기업부",,,,,,,,,,"10000000"
"096240","청담러닝","우량기업부",,,,,,,,,,"7473826"
"066360","체리부로","중견기업부",,,,,,,,,,"46872374"
"047820","초록뱀미디어","중견기업부",,,,,,,,,,"180621984"
"052300","초록뱀컴퍼니","중견기업부",,,,,,,,,,"69188767"
"094360","칩스앤미디어","벤처기업부",,,,,,,,,,"9640315"
"016920","카스","중견기업부",,,,,,,,,,"23944698"
"284620","카이노스메드","기술성장기업부",,,,,,,,,,"105357734"
"293490","카카오게임즈","우량기업부",,,,,,,,,,"74687895"
"042000","카페24","기술성장기업부",,,,,,,,,,"22155902"
"317530","캐리소프트","기술성장기업부",,,,,,,,,,"6900196"
"071850","캐스텍코리아","중견기업부",,,,,,,,,,"16569188"
"180400","캔서롭","관리종목(소속부없음)",,,,,,,,,,"23078062"
"050110","캠시스","벤처기업부",,,,,,,,,,"73824118"
"900310","컬러레이","외국기업(소속부없음)",,,,,,,,,,"54000000"
"078340","컴투스","우량기업부",,,,,,,,,,"12866420"
"307930","컴퍼니케이","중견기업부",,,,,,,,,,"15610000"
"263700","케어랩스","중견기업부",,,,,,,,,,"17236032"
"214370","케어젠","중견기업부",,,,,,,,,,"10743000"
"221980","케이디켐","중견기업부",,,,,,,,,,"4034800"
"317030","케이비17호스팩","관리종목(소속부없음)",,,,,,,,,,"5461000"
"323940","케이비제18호스팩","SPAC(소속부없음)",,,,,,,,,,"7822000"
"330990","케이비제19호스팩","SPAC(소속부없음)",,,,,,,,,,"4301000"
"342550","케이비제20호스팩","SPAC(소속부없음)",,,,,,,,,,"6501000"
"192250","케이사인","벤처기업부",,,,,,,,,,"70671257"
"115500","케이씨에스","중견기업부",,,,,,,,,,"12000000"
"089150","케이씨티","중견기업부",,,,,,,,,,"17150000"
"025880","케이씨피드","중견기업부",,,,,,,,,,"16715858"
"093320","케이아이엔엑스","우량기업부",,,,,,,,,,"4880000"
"073010","케이에스피","벤처기업부",,,,,,,,,,"36192257"
"105330","케이엔더블유","벤처기업부",,,,,,,,,,"12135382"
"272110","케이엔제이","중견기업부",,,,,,,,,,"7382908"
"039420","케이엘넷","중견기업부",,,,,,,,,,"24154730"
"083550","케이엠","우량기업부",,,,,,,,,,"10755114"
"032500","케이엠더블유","우량기업부",,,,,,,,,,"39820883"
"225430","케이엠제약","중견기업부",,,,,,,,,,"27887050"
"036030","케이티알파","중견기업부",,,,,,,,,,"49019283"
"064820","케이프","벤처기업부",,,,,,,,,,"30901728"
"347140","케이프이에스제4호","SPAC(소속부없음)",,,,,,,,,,"3009000"
"256940","케이피에스","벤처기업부",,,,,,,,,,"17985533"
"024880","케이피에프","우량기업부",,,,,,,,,,"17718250"
"042040","케이피엠테크","중견기업부",,,,,,,,,,"145677729"
"054410","케이피티유","벤처기업부",,,,,,,,,,"5060000"
"274090","켄코아에어로스페이스","기술성장기업부",,,,,,,,,,"11784088"
"217600","켐온","중견기업부",,,,,,,,,,"63861340"
"089010","켐트로닉스","우량기업부",,,,,,,,,,"14858157"
"220260","켐트로스","벤처기업부",,,,,,,,,,"26558307"
"052400","코나아이","중견기업부",,,,,,,,,,"15559118"
"046070","코다코","관리종목(소속부없음)",,,,,,,,,,"39064256"
"047770","코데즈컴바인","중견기업부",,,,,,,,,,"37842602"
"078940","코드네이처","중견기업부",,,,,,,,,,"32452021"
"080530","코디","중견기업부",,,,,,,,,,"28291298"
"224060","코디엠","중견기업부",,,,,,,,,,"273760088"
"104540","코렌텍","기술성장기업부",,,,,,,,,,"11829702"
"027050","코리아나","중견기업부",,,,,,,,,,"40000000"
"290510","코리아센터","우량기업부",,,,,,,,,,"76200637"
"190650","코리아에셋투자증권","중견기업부",,,,,,,,,,"6388000"
"101670","코리아에스이","벤처기업부",,,,,,,,,,"18900000"
"123410","코리아에프티","우량기업부",,,,,,,,,,"27841064"
"036690","코맥스","우량기업부",,,,,,,,,,"15287331"
"049430","코메론","우량기업부",,,,,,,,,,"9048000"
"183300","코미코","우량기업부",,,,,,,,,,"10020447"
"041960","코미팜","벤처기업부",,,,,,,,,,"64185876"
"089890","코세스","우량기업부",,,,,,,,,,"16584962"
"009730","코센","관리종목(소속부없음)",,,,,,,,,,"29170165"
"082660","코스나인","투자주의환기종목(소속부없음)",,,,,,,,,,"45257577"
"222040","코스맥스엔비티","중견기업부",,,,,,,,,,"20628000"
"241710","코스메카코리아","우량기업부",,,,,,,,,,"10680000"
"069110","코스온","투자주의환기종목(소속부없음)",,,,,,,,,,"23940660"
"166480","코아스템","기술성장기업부",,,,,,,,,,"15826686"
"045970","코아시아","중견기업부",,,,,,,,,,"26314876"
"196450","코아시아옵틱스","중견기업부",,,,,,,,,,"41232626"
"029960","코엔텍","우량기업부",,,,,,,,,,"50000000"
"102940","코오롱생명과학","관리종목(소속부없음)",,,,,,,,,,"11412356"
"950160","코오롱티슈진","투자주의환기종목(소속부없음)",,,,,,,,,,"61117550"
"033290","코웰패션","우량기업부",,,,,,,,,,"88500234"
"056360","코위버","우량기업부",,,,,,,,,,"9796800"
"282880","코윈테크","우량기업부",,,,,,,,,,"9475048"
"121850","코이즈","벤처기업부",,,,,,,,,,"15499274"
"015710","코콤","우량기업부",,,,,,,,,,"17530500"
"052330","코텍","우량기업부",,,,,,,,,,"15574552"
"322780","코퍼스코리아","벤처기업부",,,,,,,,,,"35755674"
"126600","코프라","우량기업부",,,,,,,,,,"21115634"
"200130","콜마비앤에이치","우량기업부",,,,,,,,,,"29543558"
"294570","쿠콘","벤처기업부",,,,,,,,,,"8077071"
"317690","퀀타매트릭스","기술성장기업부",,,,,,,,,,"14872724"
"365270","큐라클","기술성장기업부",,,,,,,,,,"13582968"
"060280","큐렉소","중견기업부",,,,,,,,,,"33437417"
"040350","큐로컴","벤처기업부",,,,,,,,,,"125973472"
"051780","큐로홀딩스","중견기업부",,,,,,,,,,"124422450"
"115180","큐리언트","관리종목(소속부없음)",,,,,,,,,,"8883462"
"182360","큐브엔터","중견기업부",,,,,,,,,,"13804687"
"066310","큐에스아이","벤처기업부",,,,,,,,,,"8491100"
"016600","큐캐피탈","벤처기업부",,,,,,,,,,"170790807"
"043590","크로바하이텍","투자주의환기종목(소속부없음)",,,,,,,,,,"30755643"
"114120","크루셜텍","관리종목(소속부없음)",,,,,,,,,,"20961315"
"110790","크리스에프앤씨","우량기업부",,,,,,,,,,"11715480"
"900250","크리스탈신소재","외국기업(소속부없음)",,,,,,,,,,"67783852"
"083790","크리스탈지노믹스","기술성장기업부",,,,,,,,,,"69246486"
"045520","크린앤사이언스","우량기업부",,,,,,,,,,"6500000"
"036170","클라우드에어","중견기업부",,,,,,,,,,"56032293"
"214150","클래시스","우량기업부",,,,,,,,,,"64716864"
"352770","클리노믹스","기술성장기업부",,,,,,,,,,"13470141"
"237880","클리오","우량기업부",,,,,,,,,,"17393012"
"139670","키네마스터","벤처기업부",,,,,,,,,,"13546307"
"054780","키이스트","중견기업부",,,,,,,,,,"17738060"
"219130","타이거일렉","중견기업부",,,,,,,,,,"6314290"
"065130","탑엔지니어링","우량기업부",,,,,,,,,,"15976257"
"023160","태광","우량기업부",,,,,,,,,,"26500000"
"053620","태양","우량기업부",,,,,,,,,,"8600000"
"044490","태웅","관리종목(소속부없음)",,,,,,,,,,"20007381"
"124560","태웅로직스","우량기업부",,,,,,,,,,"19536792"
"191420","테고사이언스","벤처기업부",,,,,,,,,,"8108834"
"073640","테라사이언스","중견기업부",,,,,,,,,,"72902560"
"182690","테라셈","투자주의환기종목(소속부없음)",,,,,,,,,,"21163148"
"066700","테라젠이텍스","우량기업부",,,,,,,,,,"32474435"
"095610","테스","우량기업부",,,,,,,,,,"19768226"
"131970","테스나","우량기업부",,,,,,,,,,"14759577"
"089030","테크윙","우량기업부",,,,,,,,,,"19388368"
"054450","텔레칩스","벤처기업부",,,,,,,,,,"13505911"
"091440","텔레필드","벤처기업부",,,,,,,,,,"9175875"
"200230","텔콘RF제약","중견기업부",,,,,,,,,,"87509012"
"215480","토박스코리아","중견기업부",,,,,,,,,,"48074789"
"051360","토비스","우량기업부",,,,,,,,,,"16717058"
"045340","토탈소프트","벤처기업부",,,,,,,,,,"8558040"
"108230","톱텍","우량기업부",,,,,,,,,,"38023245"
"079970","투비소프트","벤처기업부",,,,,,,,,,"37515132"
"105550","트루윈","벤처기업부",,,,,,,,,,"19777496"
"026150","특수건설","중견기업부",,,,,,,,,,"17125726"
"322180","티라유텍","벤처기업부",,,,,,,,,,"5466250"
"117730","티로보틱스","벤처기업부",,,,,,,,,,"13982198"
"033830","티비씨","중견기업부",,,,,,,,,,"100000000"
"057680","티사이언티픽","벤처기업부",,,,,,,,,,"47004217"
"064760","티씨케이","우량기업부",,,,,,,,,,"11675000"
"246710","티앤알바이오팹","기술성장기업부",,,,,,,,,,"8471975"
"340570","티앤엘","벤처기업부",,,,,,,,,,"8128000"
"277880","티에스아이","기술성장기업부",,,,,,,,,,"18534230"
"131290","티에스이","우량기업부",,,,,,,,,,"11061429"
"356860","티엘비","중견기업부",,,,,,,,,,"4916315"
"062860","티엘아이","투자주의환기종목(소속부없음)",,,,,,,,,,"9872720"
"321550","티움바이오","기술성장기업부",,,,,,,,,,"23821926"
"104480","티케이케미칼","우량기업부",,,,,,,,,,"90895434"
"081150","티플랙스","중견기업부",,,,,,,,,,"24268402"
"130740","티피씨글로벌","중견기업부",,,,,,,,,,"11276679"
"084730","팅크웨어","우량기업부",,,,,,,,,,"10425682"
"046210","파나진","벤처기업부",,,,,,,,,,"32136660"
"034230","파라다이스","중견기업부",,,,,,,,,,"90942672"
"033540","파라텍","중견기업부",,,,,,,,,,"42459225"
"043200","파루","관리종목(소속부없음)",,,,,,,,,,"38785447"
"214450","파마리서치","우량기업부",,,,,,,,,,"10111930"
"208340","파멥신","기술성장기업부",,,,,,,,,,"25678786"
"177830","파버나인","벤처기업부",,,,,,,,,,"14198704"
"037070","파세코","우량기업부",,,,,,,,,,"14000000"
"150900","파수","벤처기업부",,,,,,,,,,"11153093"
"037030","파워넷","우량기업부",,,,,,,,,,"16500694"
"047310","파워로직스","우량기업부",,,,,,,,,,"34420982"
"170790","파이오링크","벤처기업부",,,,,,,,,,"6856330"
"049120","파인디앤씨","중견기업부",,,,,,,,,,"26359944"
"038950","파인디지털","벤처기업부",,,,,,,,,,"10210765"
"106240","파인테크닉스","벤처기업부",,,,,,,,,,"45192369"
"131760","파인텍","중견기업부",,,,,,,,,,"42926793"
"065690","파커스","중견기업부",,,,,,,,,,"14049331"
"140860","파크시스템스","기술성장기업부",,,,,,,,,,"6688055"
"091700","파트론","우량기업부",,,,,,,,,,"54156410"
"032800","판타지오","중견기업부",,,,,,,,,,"646808660"
"318010","팜스빌","벤처기업부",,,,,,,,,,"7929338"
"027710","팜스토리","우량기업부",,,,,,,,,,"111416600"
"225590","패션플랫폼","중견기업부",,,,,,,,,,"26636713"
"054300","팬스타엔터프라이즈","벤처기업부",,,,,,,,,,"56389966"
"068050","팬엔터테인먼트","벤처기업부",,,,,,,,,,"27247982"
"222110","팬젠","기술성장기업부",,,,,,,,,,"10669530"
"263750","펄어비스","우량기업부",,,,,,,,,,"66221500"
"251970","펌텍코리아","우량기업부",,,,,,,,,,"12400000"
"087010","펩트론","기술성장기업부",,,,,,,,,,"20626853"
"119500","포메탈","중견기업부",,,,,,,,,,"11847232"
"022100","포스코 ICT","우량기업부",,,,,,,,,,"152034729"
"009520","포스코엠텍","우량기업부",,,,,,,,,,"41642703"
"189690","포시에스","벤처기업부",,,,,,,,,,"8673641"
"318020","포인트모바일","벤처기업부",,,,,,,,,,"12662272"
"256630","포인트엔지니어링","우량기업부",,,,,,,,,,"57481947"
"141020","포티스","투자주의환기종목(소속부없음)",,,,,,,,,,"174440126"
"041020","폴라리스오피스","벤처기업부",,,,,,,,,,"39389672"
"114630","폴라리스우노","중견기업부",,,,,,,,,,"13573965"
"123010","폴라리스웍스","기술성장기업부",,,,,,,,,,"57004183"
"290720","푸드나무","우량기업부",,,,,,,,,,"6806034"
"005670","푸드웰","우량기업부",,,,,,,,,,"10000000"
"094940","푸른기술","벤처기업부",,,,,,,,,,"8361386"
"007330","푸른저축은행","우량기업부",,,,,,,,,,"15082800"
"093380","풍강","중견기업부",,,,,,,,,,"9879313"
"023900","풍국주정","중견기업부",,,,,,,,,,"12600000"
"214270","퓨쳐스트림네트웍스","중견기업부",,,,,,,,,,"130568553"
"220100","퓨쳐켐","기술성장기업부",,,,,,,,,,"13645971"
"035200","프럼파스트","벤처기업부",,,,,,,,,,"9730590"
"334970","프레스티지바이오로직스","기술성장기업부",,,,,,,,,,"47206389"
"203690","프로스테믹스","벤처기업부",,,,,,,,,,"45756948"
"053610","프로텍","우량기업부",,,,,,,,,,"11000000"
"377220","프롬바이오","기술성장기업부",,,,,,,,,,"13835000"
"335810","프리시젼바이오","기술성장기업부",,,,,,,,,,"11319060"
"053160","프리엠스","중견기업부",,,,,,,,,,"6000000"
"367000","플래티어","중견기업부",,,,,,,,,,"8269707"
"075130","플랜티넷","벤처기업부",,,,,,,,,,"8960000"
"237820","플레이디","중견기업부",,,,,,,,,,"12827140"
"023770","플레이위드","벤처기업부",,,,,,,,,,"8703529"
"300080","플리토","기술성장기업부",,,,,,,,,,"5209811"
"032580","피델릭스","벤처기업부",,,,,,,,,,"33132064"
"051380","피씨디렉트","중견기업부",,,,,,,,,,"7668536"
"241820","피씨엘","기술성장기업부",,,,,,,,,,"10089397"
"237750","피앤씨테크","중견기업부",,,,,,,,,,"6496600"
"024850","피에스엠씨","중견기업부",,,,,,,,,,"40573626"
"319660","피에스케이","중견기업부",,,,,,,,,,"14765020"
"031980","피에스케이홀딩스","중견기업부",,,,,,,,,,"21562395"
"002230","피에스텍","중견기업부",,,,,,,,,,"19669243"
"057880","피에이치씨","중견기업부",,,,,,,,,,"80807375"
"043370","피에이치에이","우량기업부",,,,,,,,,,"21000000"
"239890","피엔에이치테크","기술성장기업부",,,,,,,,,,"4516016"
"347740","피엔케이피부임상연구센타","벤처기업부",,,,,,,,,,"7502644"
"137400","피엔티","우량기업부",,,,,,,,,,"22741198"
"128660","피제이메탈","중견기업부",,,,,,,,,,"24803369"
"006140","피제이전자","우량기업부",,,,,,,,,,"15000000"
"304840","피플바이오","기술성장기업부",,,,,,,,,,"11244940"
"062970","피피아이","벤처기업부",,,,,,,,,,"9308185"
"087600","픽셀플러스","중견기업부",,,,,,,,,,"8166558"
"161580","필옵틱스","중견기업부",,,,,,,,,,"20698505"
"347770","핌스","벤처기업부",,,,,,,,,,"7507871"
"163730","핑거","벤처기업부",,,,,,,,,,"9239014"
"332710","하나금융14호스팩","SPAC(소속부없음)",,,,,,,,,,"4410000"
"341160","하나금융15호스팩","SPAC(소속부없음)",,,,,,,,,,"4710000"
"343510","하나금융16호스팩","SPAC(소속부없음)",,,,,,,,,,"4010000"
"363260","하나금융17호스팩","SPAC(소속부없음)",,,,,,,,,,"6810000"
"388220","하나금융19호스팩","SPAC(소속부없음)",,,,,,,,,,"6310000"
"299030","하나기술","벤처기업부",,,,,,,,,,"7473170"
"067310","하나마이크론","중견기업부",,,,,,,,,,"31934879"
"372290","하나머스트7호스팩","SPAC(소속부없음)",,,,,,,,,,"4304000"
"166090","하나머티리얼즈","우량기업부",,,,,,,,,,"19730674"
"136480","하림","중견기업부",,,,,,,,,,"106209702"
"003380","하림지주","우량기업부",,,,,,,,,,"92341820"
"149980","하이로닉","중견기업부",,,,,,,,,,"14099995"
"013030","하이록코리아","우량기업부",,,,,,,,,,"13613232"
"126700","하이비젼시스템","우량기업부",,,,,,,,,,"14942112"
"106080","하이소닉","관리종목(소속부없음)",,,,,,,,,,"24668500"
"340120","하이제5호스팩","SPAC(소속부없음)",,,,,,,,,,"5020000"
"377400","하이제6호스팩","SPAC(소속부없음)",,,,,,,,,,"5407500"
"221840","하이즈항공","중견기업부",,,,,,,,,,"17696167"
"106190","하이텍팜","중견기업부",,,,,,,,,,"7088782"
"066130","하츠","우량기업부",,,,,,,,,,"12800000"
"368770","한국9호스팩","SPAC(소속부없음)",,,,,,,,,,"4810000"
"004590","한국가구","중견기업부",,,,,,,,,,"15000000"
"039340","한국경제TV","우량기업부",,,,,,,,,,"23000000"
"034950","한국기업평가","우량기업부",,,,,,,,,,"4540514"
"222980","한국맥널티","벤처기업부",,,,,,,,,,"10534795"
"318000","한국바이오젠","벤처기업부",,,,,,,,,,"8176825"
"256840","한국비엔씨","벤처기업부",,,,,,,,,,"51531636"
"025550","한국선재","우량기업부",,,,,,,,,,"24522254"
"017890","한국알콜","우량기업부",,,,,,,,,,"21605760"
"080720","한국유니온제약","벤처기업부",,,,,,,,,,"7903728"
"063570","한국전자금융","우량기업부",,,,,,,,,,"34147728"
"041460","한국전자인증","중견기업부",,,,,,,,,,"19000000"
"101680","한국정밀기계","관리종목(소속부없음)",,,,,,,,,,"8404000"
"039740","한국정보공학","중견기업부",,,,,,,,,,"8018397"
"053300","한국정보인증","중견기업부",,,,,,,,,,"41776331"
"025770","한국정보통신","우량기업부",,,,,,,,,,"37444271"
"310870","한국제8호스팩","SPAC(소속부없음)",,,,,,,,,,"3420000"
"023760","한국캐피탈","우량기업부",,,,,,,,,,"315609576"
"054040","한국컴퓨터","중견기업부",,,,,,,,,,"16071290"
"050540","한국코퍼레이션","투자주의환기종목(소속부없음)",,,,,,,,,,"51185593"
"021650","한국큐빅","중견기업부",,,,,,,,,,"16350563"
"053590","한국테크놀로지","벤처기업부",,,,,,,,,,"123957822"
"032300","한국파마","우량기업부",,,,,,,,,,"10906701"
"037230","한국팩키지","중견기업부",,,,,,,,,,"25000000"
"030520","한글과컴퓨터","우량기업부",,,,,,,,,,"25203830"
"052600","한네트","중견기업부",,,,,,,,,,"11563700"
"256150","한독크린텍","벤처기업부",,,,,,,,,,"8393000"
"092460","한라IMS","벤처기업부",,,,,,,,,,"11744978"
"047080","한빛소프트","중견기업부",,,,,,,,,,"24779836"
"070590","한솔인티큐브","중견기업부",,,,,,,,,,"13879521"
"226440","한송네오텍","벤처기업부",,,,,,,,,,"57206900"
"042520","한스바이오메드","벤처기업부",,,,,,,,,,"10102981"
"078350","한양디지텍","벤처기업부",,,,,,,,,,"15244382"
"045100","한양이엔지","우량기업부",,,,,,,,,,"18000000"
"046110","한일네트웍스","우량기업부",,,,,,,,,,"11954227"
"024740","한일단조","중견기업부",,,,,,,,,,"29891328"
"005860","한일사료","중견기업부",,,,,,,,,,"39403685"
"123840","한일진공","중견기업부",,,,,,,,,,"78305977"
"007770","한일화학","중견기업부",,,,,,,,,,"3510000"
"043090","한주케미칼앤홀딩스","투자주의환기종목(소속부없음)",,,,,,,,,,"37225728"
"079170","한창산업","중견기업부",,,,,,,,,,"5200000"
"086960","한컴MDS","우량기업부",,,,,,,,,,"8848608"
"054920","한컴위드","벤처기업부",,,,,,,,,,"28217081"
"002680","한탑","투자주의환기종목(소속부없음)",,,,,,,,,,"28269988"
"066110","한프","투자주의환기종목(소속부없음)",,,,,,,,,,"76844272"
"317320","한화에스비아이스팩","SPAC(소속부없음)",,,,,,,,,,"4360000"
"340440","한화플러스제1호스팩","SPAC(소속부없음)",,,,,,,,,,"4710000"
"386580","한화플러스제2호스팩","SPAC(소속부없음)",,,,,,,,,,"4160000"
"034810","해성산업","우량기업부",,,,,,,,,,"26356298"
"076610","해성옵틱스","중견기업부",,,,,,,,,,"81619749"
"059270","해성티피씨","기술성장기업부",,,,,,,,,,"4630000"
"220180","핸디소프트","벤처기업부",,,,,,,,,,"19408000"
"900270","헝셩그룹","외국기업(소속부없음)",,,,,,,,,,"80000000"
"084990","헬릭스미스","기술성장기업부",,,,,,,,,,"34265714"
"170030","현대공업","우량기업부",,,,,,,,,,"15340000"
"319400","현대무벡스","우량기업부",,,,,,,,,,"105102324"
"048410","현대바이오","중견기업부",,,,,,,,,,"38239926"
"052260","현대바이오랜드","우량기업부",,,,,,,,,,"15000000"
"016790","현대사료","중견기업부",,,,,,,,,,"6150486"
"041440","현대에버다임","중견기업부",,,,,,,,,,"17915944"
"039010","현대에이치티","우량기업부",,,,,,,,,,"8625000"
"090850","현대이지웰","우량기업부",,,,,,,,,,"23746361"
"092300","현우산업","우량기업부",,,,,,,,,,"15474878"
"053660","현진소재","관리종목(소속부없음)",,,,,,,,,,"53201003"
"138360","협진","관리종목(소속부없음)",,,,,,,,,,"34611984"
"011080","형지I&C","중견기업부",,,,,,,,,,"38955668"
"060560","홈센타홀딩스","중견기업부",,,,,,,,,,"127669525"
"064240","홈캐스트","중견기업부",,,,,,,,,,"33094756"
"039610","화성밸브","중견기업부",,,,,,,,,,"10410400"
"126640","화신정공","우량기업부",,,,,,,,,,"36373887"
"061250","화일약품","우량기업부",,,,,,,,,,"65633553"
"097870","효성오앤비","중견기업부",,,,,,,,,,"8490000"
"050090","휘닉스소재","중견기업부",,,,,,,,,,"79138942"
"290270","휴네시온","벤처기업부",,,,,,,,,,"9607672"
"353190","휴럼","중견기업부",,,,,,,,,,"36440420"
"090710","휴림로봇","중견기업부",,,,,,,,,,"125349907"
"205470","휴마시스","기술성장기업부",,,,,,,,,,"34223815"
"115160","휴맥스","중견기업부",,,,,,,,,,"42431329"
"028080","휴맥스홀딩스","중견기업부",,,,,,,,,,"12577506"
"032860","휴먼엔","중견기업부",,,,,,,,,,"17936367"
"200670","휴메딕스","우량기업부",,,,,,,,,,"9971194"
"065510","휴비츠","우량기업부",,,,,,,,,,"11882871"
"215090","휴센텍","중견기업부",,,,,,,,,,"80294434"
"243070","휴온스","우량기업부",,,,,,,,,,"10859671"
"084110","휴온스글로벌","우량기업부",,,,,,,,,,"12030289"
"263920","휴온스블러썸","관리종목(소속부없음)",,,,,,,,,,"49045134"
"145020","휴젤","우량기업부",,,,,,,,,,"12485455"
"024060","흥구석유","우량기업부",,,,,,,,,,"15000000"
"010240","흥국","우량기업부",,,,,,,,,,"12322696"
"189980","흥국에프엔비","중견기업부",,,,,,,,,,"38387127"
"037440","희림","중견기업부",,,,,,,,,,"13922475"
"238490","힘스","우량기업부",,,,,,,,,,"11312236"